plate,county_code,intersection,interval_label,time_range,accidente_intersectie,accidente_vehicul,scor_judet,label_risk,label
B123ABC,B,Arcul de Triumf,Dimineata,06:30-09:30,15,5,2.5,0.4954292084726867,0.7335091181602805
B123ABC,B,Arcul de Triumf,Pranz,12:00-14:00,2,5,2.5,0.2128205128205128,0.5738312575916094
B123ABC,B,Arcul de Triumf,Seara,15:30-19:00,22,5,2.5,0.6476031215161651,0.8017868765950724
B123ABC,B,Piata Romana,Dimineata,06:30-09:30,11,5,2.5,0.4084726867335563,0.6883678768310287
B123ABC,B,Piata Romana,Pranz,12:00-14:00,3,5,2.5,0.2345596432552954,0.587223690839335
B123ABC,B,Piata Romana,Seara,15:30-19:00,20,5,2.5,0.6041248606465999,0.7837237376544267
B123ABC,B,Piata Unirii,Dimineata,06:30-09:30,15,5,2.5,0.4954292084726867,0.7335091181602805
B123ABC,B,Piata Unirii,Pranz,12:00-14:00,3,5,2.5,0.2345596432552954,0.587223690839335
B123ABC,B,Piata Unirii,Seara,15:30-19:00,18,5,2.5,0.5606465997770345,0.7644979994081456
B123ABC,B,Piata Universitatii,Dimineata,06:30-09:30,5,5,2.5,0.2780379041248606,0.6136070778047783
B123ABC,B,Piata Universitatii,Pranz,12:00-14:00,3,5,2.5,0.2345596432552954,0.587223690839335
B123ABC,B,Piata Universitatii,Seara,15:30-19:00,25,5,2.5,0.7128205128205127,0.8267117940706734
B555WHR,B,Arcul de Triumf,Dimineata,06:30-09:30,15,0,2.5,0.32876254180602,0.7031827112198086
B555WHR,B,Arcul de Triumf,Pranz,12:00-14:00,2,0,2.5,0.0461538461538461,0.5368082899889803
B555WHR,B,Arcul de Triumf,Seara,15:30-19:00,22,0,2.5,0.4809364548494983,0.7768667992127082
B555WHR,B,Piata Romana,Dimineata,06:30-09:30,11,0,2.5,0.2418060200668896,0.6553183701738952
B555WHR,B,Piata Romana,Pranz,12:00-14:00,3,0,2.5,0.0678929765886287,0.5504527113395278
B555WHR,B,Piata Romana,Seara,15:30-19:00,20,0,2.5,0.4374581939799331,0.75722034035404
B555WHR,B,Piata Unirii,Dimineata,06:30-09:30,15,0,2.5,0.32876254180602,0.7031827112198086
B555WHR,B,Piata Unirii,Pranz,12:00-14:00,3,0,2.5,0.0678929765886287,0.5504527113395278
B555WHR,B,Piata Unirii,Seara,15:30-19:00,18,0,2.5,0.3939799331103679,0.7364309317009723
B555WHR,B,Piata Universitatii,Dimineata,06:30-09:30,5,0,2.5,0.1113712374581939,0.5774953651858118
B555WHR,B,Piata Universitatii,Pranz,12:00-14:00,3,0,2.5,0.0678929765886287,0.5504527113395278
B555WHR,B,Piata Universitatii,Seara,15:30-19:00,25,0,2.5,0.5461538461538462,0.8041599598359659
SM12ULC,SM,Arcul de Triumf,Dimineata,06:30-09:30,15,3,3.25,0.4518394648829431,0.7238719890366033
SM12ULC,SM,Arcul de Triumf,Pranz,12:00-14:00,2,3,3.25,0.1692307692307692,0.5618688094084658
SM12ULC,SM,Arcul de Triumf,Seara,15:30-19:00,22,3,3.25,0.6040133779264214,0.7939251933604737
SM12ULC,SM,Piata Romana,Dimineata,06:30-09:30,11,3,3.25,0.3648829431438127,0.6778153331139356
SM12ULC,SM,Piata Romana,Pranz,12:00-14:00,3,3,3.25,0.1909698996655518,0.5753589785675722
SM12ULC,SM,Piata Romana,Seara,15:30-19:00,20,3,3.25,0.5605351170568562,0.7753463587323223
SM12ULC,SM,Piata Unirii,Dimineata,06:30-09:30,15,3,3.25,0.4518394648829431,0.7238719890366033
SM12ULC,SM,Piata Unirii,Pranz,12:00-14:00,3,3,3.25,0.1909698996655518,0.5753589785675722
SM12ULC,SM,Piata Unirii,Seara,15:30-19:00,18,3,3.25,0.5170568561872909,0.7556081422569869
SM12ULC,SM,Piata Universitatii,Dimineata,06:30-09:30,5,3,3.25,0.234448160535117,0.6019867167168059
SM12ULC,SM,Piata Universitatii,Pranz,12:00-14:00,3,3,3.25,0.1909698996655518,0.5753589785675722
SM12ULC,SM,Piata Universitatii,Seara,15:30-19:00,25,3,3.25,0.6692307692307692,0.8196162918480981
SM11LUC,SM,Arcul de Triumf,Dimineata,06:30-09:30,15,2,3.25,0.4185061315496098,0.7178354594975404
SM11LUC,SM,Arcul de Triumf,Pranz,12:00-14:00,2,2,3.25,0.1358974358974359,0.5544704649604273
SM11LUC,SM,Arcul de Triumf,Seara,15:30-19:00,22,2,3.25,0.5706800445930881,0.7889736639209326
SM11LUC,SM,Piata Romana,Dimineata,06:30-09:30,11,2,3.25,0.3315496098104794,0.6712292426077084
SM11LUC,SM,Piata Romana,Pranz,12:00-14:00,3,2,3.25,0.1576365663322185,0.5680132918519014
SM11LUC,SM,Piata Romana,Seara,15:30-19:00,20,2,3.25,0.5272017837235229,0.7700777012239123
SM11LUC,SM,Piata Unirii,Dimineata,06:30-09:30,15,2,3.25,0.4185061315496098,0.7178354594975404
SM11LUC,SM,Piata Unirii,Pranz,12:00-14:00,3,2,3.25,0.1576365663322185,0.5680132918519014
SM11LUC,SM,Piata Unirii,Seara,15:30-19:00,18,2,3.25,0.4837235228539576,0.7500258199857625
SM11LUC,SM,Piata Universitatii,Dimineata,06:30-09:30,5,2,3.25,0.2011148272017837,0.5947772379992902
SM11LUC,SM,Piata Universitatii,Pranz,12:00-14:00,3,2,3.25,0.1576365663322185,0.5680132918519014
SM11LUC,SM,Piata Universitatii,Seara,15:30-19:00,25,2,3.25,0.6358974358974359,0.8151383280048322
AB254ULA,AB,Arcul de Triumf,Dimineata,06:30-09:30,15,1,1.5,0.3313266443701226,0.706303891936407
AB254ULA,AB,Arcul de Triumf,Pranz,12:00-14:00,2,1,1.5,0.0487179487179487,0.5405358392737893
AB254ULA,AB,Arcul de Triumf,Seara,15:30-19:00,22,1,1.5,0.4835005574136009,0.7794561686382467
AB254ULA,AB,Piata Romana,Dimineata,06:30-09:30,11,1,1.5,0.2443701226309922,0.6586985747356444
AB254ULA,AB,Piata Romana,Pranz,12:00-14:00,3,1,1.5,0.0704570791527313,0.5541616527636486
AB254ULA,AB,Piata Romana,Seara,15:30-19:00,20,1,1.5,0.4400222965440357,0.7599672558590728
AB254ULA,AB,Piata Unirii,Dimineata,06:30-09:30,15,1,1.5,0.3313266443701226,0.706303891936407
AB254ULA,AB,Piata Unirii,Pranz,12:00-14:00,3,1,1.5,0.0704570791527313,0.5541616527636486
AB254ULA,AB,Piata Unirii,Seara,15:30-19:00,18,1,1.5,0.3965440356744704,0.7393320946525015
AB254ULA,AB,Piata Universitatii,Dimineata,06:30-09:30,5,1,1.5,0.1139353400222965,0.5811509642893937
AB254ULA,AB,Piata Universitatii,Pranz,12:00-14:00,3,1,1.5,0.0704570791527313,0.5541616527636486
AB254ULA,AB,Piata Universitatii,Seara,15:30-19:00,25,1,1.5,0.5487179487179488,0.8065114879171674
AB666JEB,AB,Arcul de Triumf,Dimineata,06:30-09:30,15,2,1.5,0.3646599777034559,0.7124883131320702
AB666JEB,AB,Arcul de Triumf,Pranz,12:00-14:00,2,2,1.5,0.082051282051282,0.5479769376367963
AB666JEB,AB,Arcul de Triumf,Seara,15:30-19:00,22,2,1.5,0.5168338907469343,0.7845700395151199
AB666JEB,AB,Piata Romana,Dimineata,06:30-09:30,11,2,1.5,0.2777034559643255,0.665410558746814
AB666JEB,AB,Piata Romana,Pranz,12:00-14:00,3,2,1.5,0.1037904124860646,0.5615610703361955
AB666JEB,AB,Piata Romana,Seara,15:30-19:00,20,2,1.5,0.473355629877369,0.7653970126407402
AB666JEB,AB,Piata Unirii,Dimineata,06:30-09:30,15,2,1.5,0.3646599777034559,0.7124883131320702
AB666JEB,AB,Piata Unirii,Pranz,12:00-14:00,3,2,1.5,0.1037904124860646,0.5615610703361955
AB666JEB,AB,Piata Unirii,Seara,15:30-19:00,18,2,1.5,0.4298773690078037,0.7450720559074311
AB666JEB,AB,Piata Universitatii,Dimineata,06:30-09:30,5,2,1.5,0.1472686733556298,0.5884351201276382
AB666JEB,AB,Piata Universitatii,Pranz,12:00-14:00,3,2,1.5,0.1037904124860646,0.5615610703361955
AB666JEB,AB,Piata Universitatii,Seara,15:30-19:00,25,2,1.5,0.582051282051282,0.8111500084714831
AR89ATN,AR,Arcul de Triumf,Dimineata,06:30-09:30,15,2,1.0,0.3492753623188405,0.7109495026250039
AR89ATN,AR,Arcul de Triumf,Pranz,12:00-14:00,2,2,1.0,0.0666666666666666,0.5461185410457796
AR89ATN,AR,Arcul de Triumf,Seara,15:30-19:00,22,2,1.0,0.5014492753623189,0.7832996849890409
AR89ATN,AR,Piata Romana,Dimineata,06:30-09:30,11,2,1.0,0.2623188405797101,0.6637386974043528
AR89ATN,AR,Piata Romana,Pranz,12:00-14:00,3,2,1.0,0.0884057971014492,0.5597136492671929
AR89ATN,AR,Piata Romana,Seara,15:30-19:00,20,2,1.0,0.4579710144927536,0.7640475997974661
AR89ATN,AR,Piata Unirii,Dimineata,06:30-09:30,15,2,1.0,0.3492753623188405,0.7109495026250039
AR89ATN,AR,Piata Unirii,Pranz,12:00-14:00,3,2,1.0,0.0884057971014492,0.5597136492671929
AR89ATN,AR,Piata Unirii,Seara,15:30-19:00,18,2,1.0,0.4144927536231884,0.7436448917562621
AR89ATN,AR,Piata Universitatii,Dimineata,06:30-09:30,5,2,1.0,0.1318840579710145,0.5866175789173301
AR89ATN,AR,Piata Universitatii,Pranz,12:00-14:00,3,2,1.0,0.0884057971014492,0.5597136492671929
AR89ATN,AR,Piata Universitatii,Seara,15:30-19:00,25,2,1.0,0.5666666666666667,0.8099984339846871
AR06XAA,AR,Arcul de Triumf,Dimineata,06:30-09:30,15,0,1.0,0.2826086956521739,0.6984652160025387
AR06XAA,AR,Arcul de Triumf,Pranz,12:00-14:00,2,0,1.0,0.0,0.5312093733737563
AR06XAA,AR,Arcul de Triumf,Seara,15:30-19:00,22,0,1.0,0.4347826086956521,0.7729422593967386
AR06XAA,AR,Piata Romana,Dimineata,06:30-09:30,11,0,1.0,0.1956521739130435,0.6502185485738271
AR06XAA,AR,Piata Romana,Pranz,12:00-14:00,3,0,1.0,0.0217391304347826,0.5448788923735801
AR06XAA,AR,Piata Romana,Seara,15:30-19:00,20,0,1.0,0.391304347826087,0.7530600904213377
AR06XAA,AR,Piata Unirii,Dimineata,06:30-09:30,15,0,1.0,0.2826086956521739,0.6984652160025387
AR06XAA,AR,Piata Unirii,Pranz,12:00-14:00,3,0,1.0,0.0217391304347826,0.5448788923735801
AR06XAA,AR,Piata Unirii,Seara,15:30-19:00,18,0,1.0,0.3478260869565217,0.7320405018416317
AR06XAA,AR,Piata Universitatii,Dimineata,06:30-09:30,5,0,1.0,0.0652173913043478,0.5719961329315186
AR06XAA,AR,Piata Universitatii,Pranz,12:00-14:00,3,0,1.0,0.0217391304347826,0.5448788923735801
AR06XAA,AR,Piata Universitatii,Seara,15:30-19:00,25,0,1.0,0.5,0.8005922431513315
AG444POV,AG,Arcul de Triumf,Dimineata,06:30-09:30,15,9,7.5,0.7826086956521738,0.769856303965535
AG444POV,AG,Arcul de Triumf,Pranz,12:00-14:00,2,9,7.5,0.5,0.6206951913643555
AG444POV,AG,Arcul de Triumf,Seara,15:30-19:00,22,9,7.5,0.934782608695652,0.8309675448831123
AG444POV,AG,Piata Romana,Dimineata,06:30-09:30,11,9,7.5,0.6956521739130435,0.7285938428279278
AG444POV,AG,Piata Romana,Pranz,12:00-14:00,3,9,7.5,0.5217391304347826,0.633555377636775
AG444POV,AG,Piata Romana,Seara,15:30-19:00,20,9,7.5,0.8913043478260869,0.8149498940081216
AG444POV,AG,Piata Unirii,Dimineata,06:30-09:30,15,9,7.5,0.7826086956521738,0.769856303965535
AG444POV,AG,Piata Unirii,Pranz,12:00-14:00,3,9,7.5,0.5217391304347826,0.633555377636775
AG444POV,AG,Piata Unirii,Seara,15:30-19:00,18,9,7.5,0.8478260869565217,0.7977837659035681
AG444POV,AG,Piata Universitatii,Dimineata,06:30-09:30,5,9,7.5,0.5652173913043479,0.6586985747356444
AG444POV,AG,Piata Universitatii,Pranz,12:00-14:00,3,9,7.5,0.5217391304347826,0.633555377636775
AG444POV,AG,Piata Universitatii,Seara,15:30-19:00,25,9,7.5,1.0,0.8528962762964285
AG12UIL,AG,Arcul de Triumf,Dimineata,06:30-09:30,15,6,7.5,0.682608695652174,0.7535246977220308
AG12UIL,AG,Arcul de Triumf,Pranz,12:00-14:00,2,6,7.5,0.4,0.5992881635083561
AG12UIL,AG,Arcul de Triumf,Seara,15:30-19:00,22,6,7.5,0.8347826086956522,0.8179470463328555
AG12UIL,AG,Piata Romana,Dimineata,06:30-09:30,11,6,7.5,0.5956521739130435,0.7104354810428752
AG12UIL,AG,Piata Romana,Pranz,12:00-14:00,3,6,7.5,0.4217391304347826,0.6124209393479161
AG12UIL,AG,Piata Romana,Seara,15:30-19:00,20,6,7.5,0.791304347826087,0.8009910540033891
AG12UIL,AG,Piata Unirii,Dimineata,06:30-09:30,15,6,7.5,0.682608695652174,0.7535246977220308
AG12UIL,AG,Piata Unirii,Pranz,12:00-14:00,3,6,7.5,0.4217391304347826,0.6124209393479161
AG12UIL,AG,Piata Unirii,Seara,15:30-19:00,18,6,7.5,0.7478260869565216,0.7828750312283104
AG12UIL,AG,Piata Universitatii,Dimineata,06:30-09:30,5,6,7.5,0.4652173913043478,0.6381861133090055
AG12UIL,AG,Piata Universitatii,Pranz,12:00-14:00,3,6,7.5,0.4217391304347826,0.6124209393479161
AG12UIL,AG,Piata Universitatii,Seara,15:30-19:00,25,6,7.5,0.8999999999999999,0.8412422215588984
BC06LKJ,BC,Arcul de Triumf,Dimineata,06:30-09:30,15,3,2.5,0.42876254180602,0.7216176701846587
BC06LKJ,BC,Arcul de Triumf,Pranz,12:00-14:00,2,3,2.5,0.1461538461538461,0.559097471902393
BC06LKJ,BC,Arcul de Triumf,Seara,15:30-19:00,22,3,2.5,0.5809364548494984,0.7920785167252805
BC06LKJ,BC,Piata Romana,Dimineata,06:30-09:30,11,3,2.5,0.3418060200668896,0.6753536404444148
BC06LKJ,BC,Piata Romana,Pranz,12:00-14:00,3,3,2.5,0.1678929765886287,0.5726080638632601
BC06LKJ,BC,Piata Romana,Seara,15:30-19:00,20,3,2.5,0.5374581939799331,0.7733807162924247
BC06LKJ,BC,Piata Unirii,Dimineata,06:30-09:30,15,3,2.5,0.42876254180602,0.7216176701846587
BC06LKJ,BC,Piata Unirii,Pranz,12:00-14:00,3,3,2.5,0.1678929765886287,0.5726080638632601
BC06LKJ,BC,Piata Unirii,Seara,15:30-19:00,18,3,2.5,0.4939799331103678,0.7535246977220308
BC06LKJ,BC,Piata Universitatii,Dimineata,06:30-09:30,5,3,2.5,0.2113712374581939,0.5992881635083561
BC06LKJ,BC,Piata Universitatii,Pranz,12:00-14:00,3,3,2.5,0.1678929765886287,0.5726080638632601
BC06LKJ,BC,Piata Universitatii,Seara,15:30-19:00,25,3,2.5,0.6461538461538461,0.8179470463328555
BC99YCV,BC,Arcul de Triumf,Dimineata,06:30-09:30,15,2,2.5,0.3954292084726867,0.7155512239631054
BC99YCV,BC,Arcul de Triumf,Pranz,12:00-14:00,2,2,2.5,0.1128205128205128,0.5516896693427
BC99YCV,BC,Arcul de Triumf,Seara,15:30-19:00,22,2,2.5,0.547603121516165,0.787094514720409
BC99YCV,BC,Piata Romana,Dimineata,06:30-09:30,11,2,2.5,0.3084726867335563,0.668741821102192
BC99YCV,BC,Piata Romana,Pranz,12:00-14:00,3,2,2.5,0.1345596432552954,0.5652507475670999
BC99YCV,BC,Piata Romana,Seara,15:30-19:00,20,2,2.5,0.5041248606465998,0.7680797488721223
BC99YCV,BC,Piata Unirii,Dimineata,06:30-09:30,15,2,2.5,0.3954292084726867,0.7155512239631054
BC99YCV,BC,Piata Unirii,Pranz,12:00-14:00,3,2,2.5,0.1345596432552954,0.5652507475670999
BC99YCV,BC,Piata Unirii,Seara,15:30-19:00,18,2,2.5,0.4606465997770345,0.7479106630456372
BC99YCV,BC,Piata Universitatii,Dimineata,06:30-09:30,5,2,2.5,0.1780379041248606,0.5920629281648192
BC99YCV,BC,Piata Universitatii,Pranz,12:00-14:00,3,2,2.5,0.1345596432552954,0.5652507475670999
BC99YCV,BC,Piata Universitatii,Seara,15:30-19:00,25,2,2.5,0.6128205128205129,0.8134370763546757
BH06ABI,BH,Arcul de Triumf,Dimineata,06:30-09:30,15,1,3.333,0.3877266443701226,0.7119748940806588
BH06ABI,BH,Arcul de Triumf,Pranz,12:00-14:00,2,1,3.333,0.1051179487179487,0.5473563793565159
BH06ABI,BH,Arcul de Triumf,Seara,15:30-19:00,22,1,3.333,0.5399005574136009,0.7841463428744087
BH06ABI,BH,Piata Romana,Dimineata,06:30-09:30,11,1,3.333,0.3007701226309922,0.6648526162888174
BH06ABI,BH,Piata Romana,Pranz,12:00-14:00,3,1,3.333,0.1268570791527313,0.5609442188960805
BH06ABI,BH,Piata Romana,Seara,15:30-19:00,20,1,3.333,0.4964222965440357,0.7649469047492674
BH06ABI,BH,Piata Unirii,Dimineata,06:30-09:30,15,1,3.333,0.3877266443701226,0.7119748940806588
BH06ABI,BH,Piata Unirii,Pranz,12:00-14:00,3,1,3.333,0.1268570791527313,0.5609442188960805
BH06ABI,BH,Piata Unirii,Seara,15:30-19:00,18,1,3.333,0.4529440356744704,0.7445959649645691
BH06ABI,BH,Piata Universitatii,Dimineata,06:30-09:30,5,1,3.333,0.1703353400222965,0.5878283270521186
BH06ABI,BH,Piata Universitatii,Pranz,12:00-14:00,3,1,3.333,0.1268570791527313,0.5609442188960805
BH06ABI,BH,Piata Universitatii,Seara,15:30-19:00,25,1,3.333,0.6051179487179488,0.8107659792391668
BH04LEU,BH,Arcul de Triumf,Dimineata,06:30-09:30,15,2,3.333,0.4210599777034559,0.7180875629953792
BH04LEU,BH,Arcul de Triumf,Pranz,12:00-14:00,2,2,3.333,0.138451282051282,0.5547780001106994
BH04LEU,BH,Arcul de Triumf,Seara,15:30-19:00,22,2,3.333,0.5732338907469343,0.789180874651347
BH04LEU,BH,Piata Romana,Dimineata,06:30-09:30,11,2,3.333,0.3341034559643255,0.6715039312943438
BH04LEU,BH,Piata Romana,Pranz,12:00-14:00,3,2,3.333,0.1601904124860646,0.5683187568159298
BH04LEU,BH,Piata Romana,Seara,15:30-19:00,20,2,3.333,0.529755629877369,0.7702980643530155
BH04LEU,BH,Piata Unirii,Dimineata,06:30-09:30,15,2,3.333,0.4210599777034559,0.7180875629953792
BH04LEU,BH,Piata Unirii,Pranz,12:00-14:00,3,2,3.333,0.1601904124860646,0.5683187568159298
BH04LEU,BH,Piata Unirii,Seara,15:30-19:00,18,2,3.333,0.4862773690078038,0.7502591687445476
BH04LEU,BH,Piata Universitatii,Dimineata,06:30-09:30,5,2,3.333,0.2036686733556298,0.5950772690651422
BH04LEU,BH,Piata Universitatii,Pranz,12:00-14:00,3,2,3.333,0.1601904124860646,0.5683187568159298
BH04LEU,BH,Piata Universitatii,Seara,15:30-19:00,25,2,3.333,0.638451282051282,0.8153258607562622
BN567BNM,BN,Arcul de Triumf,Dimineata,06:30-09:30,15,1,1.0,0.3159420289855072,0.7047456979980911
BN567BNM,BN,Arcul de Triumf,Pranz,12:00-14:00,2,1,1.0,0.0333333333333333,0.538672605206508
BN567BNM,BN,Arcul de Triumf,Seara,15:30-19:00,22,1,1.0,0.4681159420289855,0.7781641849247005
BN567BNM,BN,Piata Romana,Dimineata,06:30-09:30,11,1,1.0,0.2289855072463768,0.6570104626734988
BN567BNM,BN,Piata Romana,Pranz,12:00-14:00,3,1,1.0,0.0550724637681159,0.5523079095743253
BN567BNM,BN,Piata Romana,Seara,15:30-19:00,20,1,1.0,0.4246376811594203,0.7585964618789349
BN567BNM,BN,Piata Unirii,Dimineata,06:30-09:30,15,1,1.0,0.3159420289855072,0.7047456979980911
BN567BNM,BN,Piata Unirii,Pranz,12:00-14:00,3,1,1.0,0.0550724637681159,0.5523079095743253
BN567BNM,BN,Piata Unirii,Seara,15:30-19:00,18,1,1.0,0.381159420289855,0.737884101191635
BN567BNM,BN,Piata Universitatii,Dimineata,06:30-09:30,5,1,1.0,0.0985507246376811,0.5793242521487495
BN567BNM,BN,Piata Universitatii,Pranz,12:00-14:00,3,1,1.0,0.0550724637681159,0.5523079095743253
BN567BNM,BN,Piata Universitatii,Seara,15:30-19:00,25,1,1.0,0.5333333333333333,0.8053384164084221
BH111BMM,BH,Arcul de Triumf,Dimineata,06:30-09:30,15,7,3.333,0.5877266443701226,0.7474380763493759
BH111BMM,BH,Arcul de Triumf,Pranz,12:00-14:00,2,7,3.333,0.3051179487179487,0.5914577702559514
BH111BMM,BH,Arcul de Triumf,Seara,15:30-19:00,22,7,3.333,0.7399005574136008,0.8130566260553989
BH111BMM,BH,Piata Romana,Dimineata,06:30-09:30,11,7,3.333,0.5007701226309922,0.7037031954757917
BH111BMM,BH,Piata Romana,Pranz,12:00-14:00,3,7,3.333,0.3268570791527313,0.6046778895019377
BH111BMM,BH,Piata Romana,Seara,15:30-19:00,20,7,3.333,0.6964222965440356,0.7957588850837005
BH111BMM,BH,Piata Unirii,Dimineata,06:30-09:30,15,7,3.333,0.5877266443701226,0.7474380763493759
BH111BMM,BH,Piata Unirii,Pranz,12:00-14:00,3,7,3.333,0.3268570791527313,0.6046778895019377
BH111BMM,BH,Piata Unirii,Seara,15:30-19:00,18,7,3.333,0.6529440356744705,0.7772989956495562
BH111BMM,BH,Piata Universitatii,Dimineata,06:30-09:30,5,7,3.333,0.3703353400222965,0.6306473609954999
BH111BMM,BH,Piata Universitatii,Pranz,12:00-14:00,3,7,3.333,0.3268570791527313,0.6046778895019377
BH111BMM,BH,Piata Universitatii,Seara,15:30-19:00,25,7,3.333,0.8051179487179487,0.836852755209474
BT67UKR,BT,Arcul de Triumf,Dimineata,06:30-09:30,15,4,2.0,0.446711259754738,0.7261149812607791
BT67UKR,BT,Arcul de Triumf,Pranz,12:00-14:00,2,4,2.0,0.1641025641025641,0.5646362918030291
BT67UKR,BT,Arcul de Triumf,Seara,15:30-19:00,22,4,2.0,0.5988851727982163,0.7957596977159083
BT67UKR,BT,Piata Romana,Dimineata,06:30-09:30,11,4,2.0,0.3597547380156076,0.6802671966986485
BT67UKR,BT,Piata Romana,Pranz,12:00-14:00,3,4,2.0,0.1858416945373467,0.5781052328843092
BT67UKR,BT,Piata Romana,Seara,15:30-19:00,20,4,2.0,0.5554069119286511,0.7772998611746911
BT67UKR,BT,Piata Unirii,Dimineata,06:30-09:30,15,4,2.0,0.446711259754738,0.7261149812607791
BT67UKR,BT,Piata Unirii,Pranz,12:00-14:00,3,4,2.0,0.1858416945373467,0.5781052328843092
BT67UKR,BT,Piata Unirii,Seara,15:30-19:00,18,4,2.0,0.5119286510590858,0.7576796390037049
BT67UKR,BT,Piata Universitatii,Dimineata,06:30-09:30,5,4,2.0,0.2293199554069119,0.6046790847140093
BT67UKR,BT,Piata Universitatii,Pranz,12:00-14:00,3,4,2.0,0.1858416945373467,0.5781052328843092
BT67UKR,BT,Piata Universitatii,Seara,15:30-19:00,25,4,2.0,0.6641025641025641,0.8212735763411496
BT789JOC,BT,Arcul de Triumf,Dimineata,06:30-09:30,15,0,2.0,0.3133779264214046,0.7016149536154007
BT789JOC,BT,Arcul de Triumf,Pranz,12:00-14:00,2,0,2.0,0.0307692307692307,0.5349429451582145
BT789JOC,BT,Arcul de Triumf,Seara,15:30-19:00,22,0,2.0,0.4655518394648829,0.7755640142690736
BT789JOC,BT,Piata Romana,Dimineata,06:30-09:30,11,0,2.0,0.2264214046822742,0.653622330899504
BT789JOC,BT,Piata Romana,Pranz,12:00-14:00,3,0,2.0,0.0525083612040133,0.5485961085831343
BT789JOC,BT,Piata Romana,Seara,15:30-19:00,20,0,2.0,0.4220735785953177,0.7558388990947971
BT789JOC,BT,Piata Unirii,Dimineata,06:30-09:30,15,0,2.0,0.3133779264214046,0.7016149536154007
BT789JOC,BT,Piata Unirii,Pranz,12:00-14:00,3,0,2.0,0.0525083612040133,0.5485961085831343
BT789JOC,BT,Piata Unirii,Seara,15:30-19:00,18,0,2.0,0.3785953177257525,0.7349725994665188
BT789JOC,BT,Piata Universitatii,Dimineata,06:30-09:30,5,0,2.0,0.0959866220735786,0.5756643510425494
BT789JOC,BT,Piata Universitatii,Pranz,12:00-14:00,3,0,2.0,0.0525083612040133,0.5485961085831343
BT789JOC,BT,Piata Universitatii,Seara,15:30-19:00,25,0,2.0,0.5307692307692308,0.8029761144061539
BR12ACM,BR,Arcul de Triumf,Dimineata,06:30-09:30,15,3,3.5,0.4595317725752508,0.7246209144181192
BR12ACM,BR,Arcul de Triumf,Pranz,12:00-14:00,2,3,3.5,0.1769230769230769,0.5627917401386452
BR12ACM,BR,Arcul de Triumf,Seara,15:30-19:00,22,3,3.5,0.6117056856187291,0.7945380470706461
BR12ACM,BR,Piata Romana,Dimineata,06:30-09:30,11,3,3.5,0.3725752508361204,0.6786337178522215
BR12ACM,BR,Piata Romana,Pranz,12:00-14:00,3,3,3.5,0.1986622073578595,0.5762749224932653
BR12ACM,BR,Piata Romana,Seara,15:30-19:00,20,3,3.5,0.5682274247491639,0.7759988756473154
BR12ACM,BR,Piata Unirii,Dimineata,06:30-09:30,15,3,3.5,0.4595317725752508,0.7246209144181192
BR12ACM,BR,Piata Unirii,Pranz,12:00-14:00,3,3,3.5,0.1986622073578595,0.5762749224932653
BR12ACM,BR,Piata Unirii,Seara,15:30-19:00,18,3,3.5,0.5247491638795987,0.7562999700991855
BR12ACM,BR,Piata Universitatii,Dimineata,06:30-09:30,5,3,3.5,0.2421404682274247,0.6028848673274662
BR12ACM,BR,Piata Universitatii,Pranz,12:00-14:00,3,3,3.5,0.1986622073578595,0.5762749224932653
BR12ACM,BR,Piata Universitatii,Seara,15:30-19:00,25,3,3.5,0.676923076923077,0.820170047836227
BR34AUN,BR,Arcul de Triumf,Dimineata,06:30-09:30,15,4,3.5,0.4928651059085842,0.7305667649586345
BR34AUN,BR,Arcul de Triumf,Pranz,12:00-14:00,2,4,3.5,0.2102564102564102,0.5701590253818352
BR34AUN,BR,Arcul de Triumf,Seara,15:30-19:00,22,4,3.5,0.6450390189520625,0.7993922110988483
BR34AUN,BR,Piata Romana,Dimineata,06:30-09:30,11,4,3.5,0.4059085841694537,0.6851410567502929
BR34AUN,BR,Piata Romana,Pranz,12:00-14:00,3,4,3.5,0.2319955406911928,0.5835831155172753
BR34AUN,BR,Piata Romana,Seara,15:30-19:00,20,4,3.5,0.6015607580824973,0.7811704063081433
BR34AUN,BR,Piata Unirii,Dimineata,06:30-09:30,15,4,3.5,0.4928651059085842,0.7305667649586345
BR34AUN,BR,Piata Unirii,Pranz,12:00-14:00,3,4,3.5,0.2319955406911928,0.5835831155172753
BR34AUN,BR,Piata Unirii,Seara,15:30-19:00,18,4,3.5,0.5580824972129319,0.7617866810463009
BR34AUN,BR,Piata Universitatii,Dimineata,06:30-09:30,5,4,3.5,0.275473801560758,0.6100446724045271
BR34AUN,BR,Piata Universitatii,Pranz,12:00-14:00,3,4,3.5,0.2319955406911928,0.5835831155172753
BR34AUN,BR,Piata Universitatii,Seara,15:30-19:00,25,4,3.5,0.7102564102564102,0.8245523608210006
BV999OSU,BV,Arcul de Triumf,Dimineata,06:30-09:30,15,1,2.5,0.3620958751393534,0.7094058152553435
BV999OSU,BV,Arcul de Triumf,Pranz,12:00-14:00,2,1,2.5,0.0794871794871794,0.5442588584178731
BV999OSU,BV,Arcul de Triumf,Seara,15:30-19:00,22,1,2.5,0.5142697881828316,0.782023920628231
BV999OSU,BV,Piata Romana,Dimineata,06:30-09:30,11,1,2.5,0.275139353400223,0.6620627248063989
BV999OSU,BV,Piata Romana,Pranz,12:00-14:00,3,1,2.5,0.1012263099219621,0.5578645727207344
BV999OSU,BV,Piata Romana,Seara,15:30-19:00,20,1,2.5,0.4707915273132664,0.7626928317357139
BV999OSU,BV,Piata Unirii,Dimineata,06:30-09:30,15,1,2.5,0.3620958751393534,0.7094058152553435
BV999OSU,BV,Piata Unirii,Pranz,12:00-14:00,3,1,2.5,0.1012263099219621,0.5578645727207344
BV999OSU,BV,Piata Unirii,Seara,15:30-19:00,18,1,2.5,0.4273132664437012,0.7422125022622994
BV999OSU,BV,Piata Universitatii,Dimineata,06:30-09:30,5,1,2.5,0.1447045707915273,0.584797674717737
BV999OSU,BV,Piata Universitatii,Pranz,12:00-14:00,3,1,2.5,0.1012263099219621,0.5578645727207344
BV999OSU,BV,Piata Universitatii,Seara,15:30-19:00,25,1,2.5,0.5794871794871794,0.8088414922499487
BV09LAC,BV,Arcul de Triumf,Dimineata,06:30-09:30,15,4,2.5,0.4620958751393534,0.7276039892428418
BV09LAC,BV,Arcul de Triumf,Pranz,12:00-14:00,2,4,2.5,0.1794871794871795,0.5664790559676278
BV09LAC,BV,Arcul de Triumf,Seara,15:30-19:00,22,4,2.5,0.6142697881828316,0.7969759406564939
BV09LAC,BV,Piata Romana,Dimineata,06:30-09:30,11,4,2.5,0.375139353400223,0.6818962645895935
BV09LAC,BV,Piata Romana,Pranz,12:00-14:00,3,4,2.5,0.2012263099219621,0.5799334001885058
BV09LAC,BV,Piata Romana,Seara,15:30-19:00,20,4,2.5,0.5707915273132664,0.7785954465118283
BV09LAC,BV,Piata Unirii,Dimineata,06:30-09:30,15,4,2.5,0.4620958751393534,0.7276039892428418
BV09LAC,BV,Piata Unirii,Pranz,12:00-14:00,3,4,2.5,0.2012263099219621,0.5799334001885058
BV09LAC,BV,Piata Unirii,Seara,15:30-19:00,18,4,2.5,0.5273132664437012,0.7590539855304069
BV09LAC,BV,Piata Universitatii,Dimineata,06:30-09:30,5,4,2.5,0.2447045707915273,0.6064704870683034
BV09LAC,BV,Piata Universitatii,Pranz,12:00-14:00,3,4,2.5,0.2012263099219621,0.5799334001885058
BV09LAC,BV,Piata Universitatii,Seara,15:30-19:00,25,4,2.5,0.6794871794871795,0.8223717996358786
BZ678HOG,BZ,Arcul de Triumf,Dimineata,06:30-09:30,15,2,4.5,0.4569676700111482,0.7216176701846587
BZ678HOG,BZ,Arcul de Triumf,Pranz,12:00-14:00,2,2,4.5,0.1743589743589743,0.559097471902393
BZ678HOG,BZ,Arcul de Triumf,Seara,15:30-19:00,22,2,4.5,0.6091415830546265,0.7920785167252805
BZ678HOG,BZ,Piata Romana,Dimineata,06:30-09:30,11,2,4.5,0.3700111482720178,0.6753536404444148
BZ678HOG,BZ,Piata Romana,Pranz,12:00-14:00,3,2,4.5,0.1960981047937569,0.5726080638632601
BZ678HOG,BZ,Piata Romana,Seara,15:30-19:00,20,2,4.5,0.5656633221850613,0.7733807162924247
BZ678HOG,BZ,Piata Unirii,Dimineata,06:30-09:30,15,2,4.5,0.4569676700111482,0.7216176701846587
BZ678HOG,BZ,Piata Unirii,Pranz,12:00-14:00,3,2,4.5,0.1960981047937569,0.5726080638632601
BZ678HOG,BZ,Piata Unirii,Seara,15:30-19:00,18,2,4.5,0.5221850613154961,0.7535246977220308
BZ678HOG,BZ,Piata Universitatii,Dimineata,06:30-09:30,5,2,4.5,0.2395763656633222,0.5992881635083561
BZ678HOG,BZ,Piata Universitatii,Pranz,12:00-14:00,3,2,4.5,0.1960981047937569,0.5726080638632601
BZ678HOG,BZ,Piata Universitatii,Seara,15:30-19:00,25,2,4.5,0.6743589743589744,0.8179470463328555
BZ876MRG,BZ,Arcul de Triumf,Dimineata,06:30-09:30,15,7,4.5,0.623634336677815,0.7507282371635285
BZ876MRG,BZ,Arcul de Triumf,Pranz,12:00-14:00,2,7,4.5,0.341025641025641,0.5956807306078472
BZ876MRG,BZ,Arcul de Triumf,Seara,15:30-19:00,22,7,4.5,0.7758082497212933,0.8157027397176331
BZ876MRG,BZ,Piata Romana,Dimineata,06:30-09:30,11,7,4.5,0.5366778149386846,0.707340014518073
BZ876MRG,BZ,Piata Romana,Pranz,12:00-14:00,3,7,4.5,0.3627647714604236,0.6088545692109504
BZ876MRG,BZ,Piata Romana,Seara,15:30-19:00,20,7,4.5,0.7323299888517281,0.7985891891595733
BZ876MRG,BZ,Piata Unirii,Dimineata,06:30-09:30,15,7,4.5,0.623634336677815,0.7507282371635285
BZ876MRG,BZ,Piata Unirii,Pranz,12:00-14:00,3,7,4.5,0.3627647714604236,0.6088545692109504
BZ876MRG,BZ,Piata Unirii,Seara,15:30-19:00,18,7,4.5,0.6888517279821629,0.7803144887848326
BZ876MRG,BZ,Piata Universitatii,Dimineata,06:30-09:30,5,7,4.5,0.4062430323299889,0.6347154153791584
BZ876MRG,BZ,Piata Universitatii,Pranz,12:00-14:00,3,7,4.5,0.3627647714604236,0.6088545692109504
BZ876MRG,BZ,Piata Universitatii,Seara,15:30-19:00,25,7,4.5,0.8410256410256411,0.8392286463668311
CL790OPR,CL,Arcul de Triumf,Dimineata,06:30-09:30,15,5,2.5,0.4954292084726867,0.7335091181602805
CL790OPR,CL,Arcul de Triumf,Pranz,12:00-14:00,2,5,2.5,0.2128205128205128,0.5738312575916094
CL790OPR,CL,Arcul de Triumf,Seara,15:30-19:00,22,5,2.5,0.6476031215161651,0.8017868765950724
CL790OPR,CL,Piata Romana,Dimineata,06:30-09:30,11,5,2.5,0.4084726867335563,0.6883678768310287
CL790OPR,CL,Piata Romana,Pranz,12:00-14:00,3,5,2.5,0.2345596432552954,0.587223690839335
CL790OPR,CL,Piata Romana,Seara,15:30-19:00,20,5,2.5,0.6041248606465999,0.7837237376544267
CL790OPR,CL,Piata Unirii,Dimineata,06:30-09:30,15,5,2.5,0.4954292084726867,0.7335091181602805
CL790OPR,CL,Piata Unirii,Pranz,12:00-14:00,3,5,2.5,0.2345596432552954,0.587223690839335
CL790OPR,CL,Piata Unirii,Seara,15:30-19:00,18,5,2.5,0.5606465997770345,0.7644979994081456
CL790OPR,CL,Piata Universitatii,Dimineata,06:30-09:30,5,5,2.5,0.2780379041248606,0.6136070778047783
CL790OPR,CL,Piata Universitatii,Pranz,12:00-14:00,3,5,2.5,0.2345596432552954,0.587223690839335
CL790OPR,CL,Piata Universitatii,Seara,15:30-19:00,25,5,2.5,0.7128205128205127,0.8267117940706734
CL777OPO,CL,Arcul de Triumf,Dimineata,06:30-09:30,15,0,2.5,0.32876254180602,0.7031827112198086
CL777OPO,CL,Arcul de Triumf,Pranz,12:00-14:00,2,0,2.5,0.0461538461538461,0.5368082899889803
CL777OPO,CL,Arcul de Triumf,Seara,15:30-19:00,22,0,2.5,0.4809364548494983,0.7768667992127082
CL777OPO,CL,Piata Romana,Dimineata,06:30-09:30,11,0,2.5,0.2418060200668896,0.6553183701738952
CL777OPO,CL,Piata Romana,Pranz,12:00-14:00,3,0,2.5,0.0678929765886287,0.5504527113395278
CL777OPO,CL,Piata Romana,Seara,15:30-19:00,20,0,2.5,0.4374581939799331,0.75722034035404
CL777OPO,CL,Piata Unirii,Dimineata,06:30-09:30,15,0,2.5,0.32876254180602,0.7031827112198086
CL777OPO,CL,Piata Unirii,Pranz,12:00-14:00,3,0,2.5,0.0678929765886287,0.5504527113395278
CL777OPO,CL,Piata Unirii,Seara,15:30-19:00,18,0,2.5,0.3939799331103679,0.7364309317009723
CL777OPO,CL,Piata Universitatii,Dimineata,06:30-09:30,5,0,2.5,0.1113712374581939,0.5774953651858118
CL777OPO,CL,Piata Universitatii,Pranz,12:00-14:00,3,0,2.5,0.0678929765886287,0.5504527113395278
CL777OPO,CL,Piata Universitatii,Seara,15:30-19:00,25,0,2.5,0.5461538461538462,0.8041599598359659
CS999KKK,CS,Arcul de Triumf,Dimineata,06:30-09:30,15,3,3.5,0.4595317725752508,0.7246209144181192
CS999KKK,CS,Arcul de Triumf,Pranz,12:00-14:00,2,3,3.5,0.1769230769230769,0.5627917401386452
CS999KKK,CS,Arcul de Triumf,Seara,15:30-19:00,22,3,3.5,0.6117056856187291,0.7945380470706461
CS999KKK,CS,Piata Romana,Dimineata,06:30-09:30,11,3,3.5,0.3725752508361204,0.6786337178522215
CS999KKK,CS,Piata Romana,Pranz,12:00-14:00,3,3,3.5,0.1986622073578595,0.5762749224932653
CS999KKK,CS,Piata Romana,Seara,15:30-19:00,20,3,3.5,0.5682274247491639,0.7759988756473154
CS999KKK,CS,Piata Unirii,Dimineata,06:30-09:30,15,3,3.5,0.4595317725752508,0.7246209144181192
CS999KKK,CS,Piata Unirii,Pranz,12:00-14:00,3,3,3.5,0.1986622073578595,0.5762749224932653
CS999KKK,CS,Piata Unirii,Seara,15:30-19:00,18,3,3.5,0.5247491638795987,0.7562999700991855
CS999KKK,CS,Piata Universitatii,Dimineata,06:30-09:30,5,3,3.5,0.2421404682274247,0.6028848673274662
CS999KKK,CS,Piata Universitatii,Pranz,12:00-14:00,3,3,3.5,0.1986622073578595,0.5762749224932653
CS999KKK,CS,Piata Universitatii,Seara,15:30-19:00,25,3,3.5,0.676923076923077,0.820170047836227
CS98LOG,CS,Arcul de Triumf,Dimineata,06:30-09:30,15,4,3.5,0.4928651059085842,0.7305667649586345
CS98LOG,CS,Arcul de Triumf,Pranz,12:00-14:00,2,4,3.5,0.2102564102564102,0.5701590253818352
CS98LOG,CS,Arcul de Triumf,Seara,15:30-19:00,22,4,3.5,0.6450390189520625,0.7993922110988483
CS98LOG,CS,Piata Romana,Dimineata,06:30-09:30,11,4,3.5,0.4059085841694537,0.6851410567502929
CS98LOG,CS,Piata Romana,Pranz,12:00-14:00,3,4,3.5,0.2319955406911928,0.5835831155172753
CS98LOG,CS,Piata Romana,Seara,15:30-19:00,20,4,3.5,0.6015607580824973,0.7811704063081433
CS98LOG,CS,Piata Unirii,Dimineata,06:30-09:30,15,4,3.5,0.4928651059085842,0.7305667649586345
CS98LOG,CS,Piata Unirii,Pranz,12:00-14:00,3,4,3.5,0.2319955406911928,0.5835831155172753
CS98LOG,CS,Piata Unirii,Seara,15:30-19:00,18,4,3.5,0.5580824972129319,0.7617866810463009
CS98LOG,CS,Piata Universitatii,Dimineata,06:30-09:30,5,4,3.5,0.275473801560758,0.6100446724045271
CS98LOG,CS,Piata Universitatii,Pranz,12:00-14:00,3,4,3.5,0.2319955406911928,0.5835831155172753
CS98LOG,CS,Piata Universitatii,Seara,15:30-19:00,25,4,3.5,0.7102564102564102,0.8245523608210006
CJ654DRS,CJ,Arcul de Triumf,Dimineata,06:30-09:30,15,6,5.0,0.605685618729097,0.7464939833376621
CJ654DRS,CJ,Arcul de Triumf,Pranz,12:00-14:00,2,6,5.0,0.323076923076923,0.5902502519301834
CJ654DRS,CJ,Arcul de Triumf,Seara,15:30-19:00,22,6,5.0,0.7578595317725753,0.8122962208104868
CJ654DRS,CJ,Piata Romana,Dimineata,06:30-09:30,11,6,5.0,0.5187290969899665,0.7026606543447316
CJ654DRS,CJ,Piata Romana,Pranz,12:00-14:00,3,6,5.0,0.3448160535117057,0.6034832498647263
CJ654DRS,CJ,Piata Romana,Seara,15:30-19:00,20,6,5.0,0.7143812709030101,0.7949458649106351
CJ654DRS,CJ,Piata Unirii,Dimineata,06:30-09:30,15,6,5.0,0.605685618729097,0.7464939833376621
CJ654DRS,CJ,Piata Unirii,Pranz,12:00-14:00,3,6,5.0,0.3448160535117057,0.6034832498647263
CJ654DRS,CJ,Piata Unirii,Seara,15:30-19:00,18,6,5.0,0.6709030100334448,0.7764331373333982
CJ654DRS,CJ,Piata Universitatii,Dimineata,06:30-09:30,5,6,5.0,0.3882943143812709,0.6294831119673949
CJ654DRS,CJ,Piata Universitatii,Pranz,12:00-14:00,3,6,5.0,0.3448160535117057,0.6034832498647263
CJ654DRS,CJ,Piata Universitatii,Seara,15:30-19:00,25,6,5.0,0.823076923076923,0.8361696387766411
CJ76MOP,CJ,Arcul de Triumf,Dimineata,06:30-09:30,15,4,5.0,0.5390189520624303,0.7349725994665188
CJ76MOP,CJ,Arcul de Triumf,Pranz,12:00-14:00,2,4,5.0,0.2564102564102564,0.5756643510425494
CJ76MOP,CJ,Arcul de Triumf,Seara,15:30-19:00,22,4,5.0,0.6911928651059086,0.8029761144061539
CJ76MOP,CJ,Piata Romana,Dimineata,06:30-09:30,11,4,5.0,0.4520624303232999,0.6899744811276125
CJ76MOP,CJ,Piata Romana,Pranz,12:00-14:00,3,4,5.0,0.278149386845039,0.5890404340586651
CJ76MOP,CJ,Piata Romana,Seara,15:30-19:00,20,4,5.0,0.6477146042363434,0.7849922886281077
CJ76MOP,CJ,Piata Unirii,Dimineata,06:30-09:30,15,4,5.0,0.5390189520624303,0.7349725994665188
CJ76MOP,CJ,Piata Unirii,Pranz,12:00-14:00,3,4,5.0,0.278149386845039,0.5890404340586651
CJ76MOP,CJ,Piata Unirii,Seara,15:30-19:00,18,4,5.0,0.6042363433667781,0.7658456258197971
CJ76MOP,CJ,Piata Universitatii,Dimineata,06:30-09:30,5,4,5.0,0.3216276477146042,0.6153837563911821
CJ76MOP,CJ,Piata Universitatii,Pranz,12:00-14:00,3,4,5.0,0.278149386845039,0.5890404340586651
CJ76MOP,CJ,Piata Universitatii,Seara,15:30-19:00,25,4,5.0,0.7564102564102564,0.8277836082661223
CT87ADI,CT,Arcul de Triumf,Dimineata,06:30-09:30,15,2,2.667,0.4005676700111482,0.716060810405439
CT87ADI,CT,Arcul de Triumf,Pranz,12:00-14:00,2,2,2.667,0.1179589743589743,0.552309145893415
CT87ADI,CT,Arcul de Triumf,Seara,15:30-19:00,22,2,2.667,0.5527415830546265,0.7875139925571841
CT87ADI,CT,Piata Romana,Dimineata,06:30-09:30,11,2,2.667,0.3136111482720178,0.6692965094718423
CT87ADI,CT,Piata Romana,Pranz,12:00-14:00,3,2,2.667,0.1396981047937569,0.5658662312040841
CT87ADI,CT,Piata Romana,Seara,15:30-19:00,20,2,2.667,0.5092633221850613,0.7685256729700267
CT87ADI,CT,Piata Unirii,Dimineata,06:30-09:30,15,2,2.667,0.4005676700111482,0.716060810405439
CT87ADI,CT,Piata Unirii,Pranz,12:00-14:00,3,2,2.667,0.1396981047937569,0.5658662312040841
CT87ADI,CT,Piata Unirii,Seara,15:30-19:00,18,2,2.667,0.4657850613154961,0.7483826631384969
CT87ADI,CT,Piata Universitatii,Dimineata,06:30-09:30,5,2,2.667,0.1831763656633221,0.5926678070180167
CT87ADI,CT,Piata Universitatii,Pranz,12:00-14:00,3,2,2.667,0.1396981047937569,0.5658662312040841
CT87ADI,CT,Piata Universitatii,Seara,15:30-19:00,25,2,2.667,0.6179589743589743,0.8138169296943534
CT24HAG,CT,Arcul de Triumf,Dimineata,06:30-09:30,15,5,2.667,0.5005676700111482,0.7339984927462387
CT24HAG,CT,Arcul de Triumf,Pranz,12:00-14:00,2,5,2.667,0.2179589743589743,0.5744437391027625
CT24HAG,CT,Arcul de Triumf,Seara,15:30-19:00,22,5,2.667,0.6527415830546265,0.8021846819818704
CT24HAG,CT,Piata Romana,Dimineata,06:30-09:30,11,5,2.667,0.4136111482720178,0.6889049895524914
CT24HAG,CT,Piata Romana,Pranz,12:00-14:00,3,5,2.667,0.2396981047937569,0.5878307499118403
CT24HAG,CT,Piata Romana,Seara,15:30-19:00,20,5,2.667,0.6092633221850613,0.7841480354781575
CT24HAG,CT,Piata Unirii,Dimineata,06:30-09:30,15,5,2.667,0.5005676700111482,0.7339984927462387
CT24HAG,CT,Piata Unirii,Pranz,12:00-14:00,3,5,2.667,0.2396981047937569,0.5878307499118403
CT24HAG,CT,Piata Unirii,Seara,15:30-19:00,18,5,2.667,0.565785061315496,0.7649487027758801
CT24HAG,CT,Piata Universitatii,Dimineata,06:30-09:30,5,5,2.667,0.2831763656633221,0.6142008275684266
CT24HAG,CT,Piata Universitatii,Pranz,12:00-14:00,3,5,2.667,0.2396981047937569,0.5878307499118403
CT24HAG,CT,Piata Universitatii,Seara,15:30-19:00,25,5,2.667,0.7179589743589743,0.8270703652299117
VS123ERC,VS,Arcul de Triumf,Dimineata,06:30-09:30,15,3,5.5,0.5210702341137123,0.7305667649586345
VS123ERC,VS,Arcul de Triumf,Pranz,12:00-14:00,2,3,5.5,0.2384615384615384,0.5701590253818352
VS123ERC,VS,Arcul de Triumf,Seara,15:30-19:00,22,3,5.5,0.6732441471571906,0.7993922110988483
VS123ERC,VS,Piata Romana,Dimineata,06:30-09:30,11,3,5.5,0.4341137123745819,0.6851410567502929
VS123ERC,VS,Piata Romana,Pranz,12:00-14:00,3,3,5.5,0.2602006688963211,0.5835831155172753
VS123ERC,VS,Piata Romana,Seara,15:30-19:00,20,3,5.5,0.6297658862876254,0.7811704063081433
VS123ERC,VS,Piata Unirii,Dimineata,06:30-09:30,15,3,5.5,0.5210702341137123,0.7305667649586345
VS123ERC,VS,Piata Unirii,Pranz,12:00-14:00,3,3,5.5,0.2602006688963211,0.5835831155172753
VS123ERC,VS,Piata Unirii,Seara,15:30-19:00,18,3,5.5,0.5862876254180602,0.7617866810463009
VS123ERC,VS,Piata Universitatii,Dimineata,06:30-09:30,5,3,5.5,0.3036789297658863,0.610044672404527
VS123ERC,VS,Piata Universitatii,Pranz,12:00-14:00,3,3,5.5,0.2602006688963211,0.5835831155172753
VS123ERC,VS,Piata Universitatii,Seara,15:30-19:00,25,3,5.5,0.7384615384615385,0.8245523608210006
VS756JNM,VS,Arcul de Triumf,Dimineata,06:30-09:30,15,8,5.5,0.6877369007803791,0.7590539855304069
VS756JNM,VS,Arcul de Triumf,Pranz,12:00-14:00,2,8,5.5,0.4051282051282051,0.6064704870683034
VS756JNM,VS,Arcul de Triumf,Seara,15:30-19:00,22,8,5.5,0.8399108138238573,0.8223717996358786
VS756JNM,VS,Piata Romana,Dimineata,06:30-09:30,11,8,5.5,0.6007803790412487,0.7165678145577145
VS756JNM,VS,Piata Romana,Pranz,12:00-14:00,3,8,5.5,0.4268673355629877,0.6195173196470847
VS756JNM,VS,Piata Romana,Seara,15:30-19:00,20,8,5.5,0.7964325529542922,0.805730038390026
VS756JNM,VS,Piata Unirii,Dimineata,06:30-09:30,15,8,5.5,0.6877369007803791,0.7590539855304069
VS756JNM,VS,Piata Unirii,Pranz,12:00-14:00,3,8,5.5,0.4268673355629877,0.6195173196470847
VS756JNM,VS,Piata Unirii,Seara,15:30-19:00,18,8,5.5,0.7529542920847268,0.7879311956428947
VS756JNM,VS,Piata Universitatii,Dimineata,06:30-09:30,5,8,5.5,0.4703455964325529,0.645084137572727
VS756JNM,VS,Piata Universitatii,Pranz,12:00-14:00,3,8,5.5,0.4268673355629877,0.6195173196470847
VS756JNM,VS,Piata Universitatii,Seara,15:30-19:00,25,8,5.5,0.905128205128205,0.8452079384204046
VL87AND,VL,Arcul de Triumf,Dimineata,06:30-09:30,15,4,4.5,0.5236343366778149,0.7335091181602805
VL87AND,VL,Arcul de Triumf,Pranz,12:00-14:00,2,4,4.5,0.241025641025641,0.5738312575916094
VL87AND,VL,Arcul de Triumf,Seara,15:30-19:00,22,4,4.5,0.6758082497212932,0.8017868765950724
VL87AND,VL,Piata Romana,Dimineata,06:30-09:30,11,4,4.5,0.4366778149386845,0.6883678768310287
VL87AND,VL,Piata Romana,Pranz,12:00-14:00,3,4,4.5,0.2627647714604236,0.587223690839335
VL87AND,VL,Piata Romana,Seara,15:30-19:00,20,4,4.5,0.632329988851728,0.7837237376544267
VL87AND,VL,Piata Unirii,Dimineata,06:30-09:30,15,4,4.5,0.5236343366778149,0.7335091181602805
VL87AND,VL,Piata Unirii,Pranz,12:00-14:00,3,4,4.5,0.2627647714604236,0.587223690839335
VL87AND,VL,Piata Unirii,Seara,15:30-19:00,18,4,4.5,0.5888517279821628,0.7644979994081456
VL87AND,VL,Piata Universitatii,Dimineata,06:30-09:30,5,4,4.5,0.3062430323299888,0.6136070778047783
VL87AND,VL,Piata Universitatii,Pranz,12:00-14:00,3,4,4.5,0.2627647714604236,0.587223690839335
VL87AND,VL,Piata Universitatii,Seara,15:30-19:00,25,4,4.5,0.7410256410256411,0.8267117940706734
VL78AMC,VL,Arcul de Triumf,Dimineata,06:30-09:30,15,5,4.5,0.5569676700111483,0.7393320946525015
VL78AMC,VL,Arcul de Triumf,Pranz,12:00-14:00,2,5,4.5,0.2743589743589744,0.5811509642893937
VL78AMC,VL,Arcul de Triumf,Seara,15:30-19:00,22,5,4.5,0.7091415830546266,0.8065114879171674
VL78AMC,VL,Piata Romana,Dimineata,06:30-09:30,11,5,4.5,0.4700111482720178,0.6947667628737805
VL78AMC,VL,Piata Romana,Pranz,12:00-14:00,3,5,4.5,0.296098104793757,0.5944759307482401
VL78AMC,VL,Piata Romana,Seara,15:30-19:00,20,5,4.5,0.6656633221850614,0.7887654709682405
VL78AMC,VL,Piata Unirii,Dimineata,06:30-09:30,15,5,4.5,0.5569676700111483,0.7393320946525015
VL78AMC,VL,Piata Unirii,Pranz,12:00-14:00,3,5,4.5,0.296098104793757,0.5944759307482401
VL78AMC,VL,Piata Unirii,Seara,15:30-19:00,18,5,4.5,0.622185061315496,0.769856303965535
VL78AMC,VL,Piata Universitatii,Dimineata,06:30-09:30,5,5,4.5,0.3395763656633221,0.6206951913643555
VL78AMC,VL,Piata Universitatii,Pranz,12:00-14:00,3,5,4.5,0.296098104793757,0.5944759307482401
VL78AMC,VL,Piata Universitatii,Seara,15:30-19:00,25,5,4.5,0.7743589743589743,0.8309675448831123
TL565GEO,TL,Arcul de Triumf,Dimineata,06:30-09:30,15,4,3.5,0.4928651059085842,0.7305667649586345
TL565GEO,TL,Arcul de Triumf,Pranz,12:00-14:00,2,4,3.5,0.2102564102564102,0.5701590253818352
TL565GEO,TL,Arcul de Triumf,Seara,15:30-19:00,22,4,3.5,0.6450390189520625,0.7993922110988483
TL565GEO,TL,Piata Romana,Dimineata,06:30-09:30,11,4,3.5,0.4059085841694537,0.6851410567502929
TL565GEO,TL,Piata Romana,Pranz,12:00-14:00,3,4,3.5,0.2319955406911928,0.5835831155172753
TL565GEO,TL,Piata Romana,Seara,15:30-19:00,20,4,3.5,0.6015607580824973,0.7811704063081433
TL565GEO,TL,Piata Unirii,Dimineata,06:30-09:30,15,4,3.5,0.4928651059085842,0.7305667649586345
TL565GEO,TL,Piata Unirii,Pranz,12:00-14:00,3,4,3.5,0.2319955406911928,0.5835831155172753
TL565GEO,TL,Piata Unirii,Seara,15:30-19:00,18,4,3.5,0.5580824972129319,0.7617866810463009
TL565GEO,TL,Piata Universitatii,Dimineata,06:30-09:30,5,4,3.5,0.275473801560758,0.6100446724045271
TL565GEO,TL,Piata Universitatii,Pranz,12:00-14:00,3,4,3.5,0.2319955406911928,0.5835831155172753
TL565GEO,TL,Piata Universitatii,Seara,15:30-19:00,25,4,3.5,0.7102564102564102,0.8245523608210006
TL666YHJ,TL,Arcul de Triumf,Dimineata,06:30-09:30,15,3,3.5,0.4595317725752508,0.7246209144181192
TL666YHJ,TL,Arcul de Triumf,Pranz,12:00-14:00,2,3,3.5,0.1769230769230769,0.5627917401386452
TL666YHJ,TL,Arcul de Triumf,Seara,15:30-19:00,22,3,3.5,0.6117056856187291,0.7945380470706461
TL666YHJ,TL,Piata Romana,Dimineata,06:30-09:30,11,3,3.5,0.3725752508361204,0.6786337178522215
TL666YHJ,TL,Piata Romana,Pranz,12:00-14:00,3,3,3.5,0.1986622073578595,0.5762749224932653
TL666YHJ,TL,Piata Romana,Seara,15:30-19:00,20,3,3.5,0.5682274247491639,0.7759988756473154
TL666YHJ,TL,Piata Unirii,Dimineata,06:30-09:30,15,3,3.5,0.4595317725752508,0.7246209144181192
TL666YHJ,TL,Piata Unirii,Pranz,12:00-14:00,3,3,3.5,0.1986622073578595,0.5762749224932653
TL666YHJ,TL,Piata Unirii,Seara,15:30-19:00,18,3,3.5,0.5247491638795987,0.7562999700991855
TL666YHJ,TL,Piata Universitatii,Dimineata,06:30-09:30,5,3,3.5,0.2421404682274247,0.6028848673274662
TL666YHJ,TL,Piata Universitatii,Pranz,12:00-14:00,3,3,3.5,0.1986622073578595,0.5762749224932653
TL666YHJ,TL,Piata Universitatii,Seara,15:30-19:00,25,3,3.5,0.676923076923077,0.820170047836227
TM56BSO,TM,Arcul de Triumf,Dimineata,06:30-09:30,15,3,2.5,0.42876254180602,0.7216176701846587
TM56BSO,TM,Arcul de Triumf,Pranz,12:00-14:00,2,3,2.5,0.1461538461538461,0.559097471902393
TM56BSO,TM,Arcul de Triumf,Seara,15:30-19:00,22,3,2.5,0.5809364548494984,0.7920785167252805
TM56BSO,TM,Piata Romana,Dimineata,06:30-09:30,11,3,2.5,0.3418060200668896,0.6753536404444148
TM56BSO,TM,Piata Romana,Pranz,12:00-14:00,3,3,2.5,0.1678929765886287,0.5726080638632601
TM56BSO,TM,Piata Romana,Seara,15:30-19:00,20,3,2.5,0.5374581939799331,0.7733807162924247
TM56BSO,TM,Piata Unirii,Dimineata,06:30-09:30,15,3,2.5,0.42876254180602,0.7216176701846587
TM56BSO,TM,Piata Unirii,Pranz,12:00-14:00,3,3,2.5,0.1678929765886287,0.5726080638632601
TM56BSO,TM,Piata Unirii,Seara,15:30-19:00,18,3,2.5,0.4939799331103678,0.7535246977220308
TM56BSO,TM,Piata Universitatii,Dimineata,06:30-09:30,5,3,2.5,0.2113712374581939,0.5992881635083561
TM56BSO,TM,Piata Universitatii,Pranz,12:00-14:00,3,3,2.5,0.1678929765886287,0.5726080638632601
TM56BSO,TM,Piata Universitatii,Seara,15:30-19:00,25,3,2.5,0.6461538461538461,0.8179470463328555
TM23SOI,TM,Arcul de Triumf,Dimineata,06:30-09:30,15,2,2.5,0.3954292084726867,0.7155512239631054
TM23SOI,TM,Arcul de Triumf,Pranz,12:00-14:00,2,2,2.5,0.1128205128205128,0.5516896693427
TM23SOI,TM,Arcul de Triumf,Seara,15:30-19:00,22,2,2.5,0.547603121516165,0.787094514720409
TM23SOI,TM,Piata Romana,Dimineata,06:30-09:30,11,2,2.5,0.3084726867335563,0.668741821102192
TM23SOI,TM,Piata Romana,Pranz,12:00-14:00,3,2,2.5,0.1345596432552954,0.5652507475670999
TM23SOI,TM,Piata Romana,Seara,15:30-19:00,20,2,2.5,0.5041248606465998,0.7680797488721223
TM23SOI,TM,Piata Unirii,Dimineata,06:30-09:30,15,2,2.5,0.3954292084726867,0.7155512239631054
TM23SOI,TM,Piata Unirii,Pranz,12:00-14:00,3,2,2.5,0.1345596432552954,0.5652507475670999
TM23SOI,TM,Piata Unirii,Seara,15:30-19:00,18,2,2.5,0.4606465997770345,0.7479106630456372
TM23SOI,TM,Piata Universitatii,Dimineata,06:30-09:30,5,2,2.5,0.1780379041248606,0.5920629281648192
TM23SOI,TM,Piata Universitatii,Pranz,12:00-14:00,3,2,2.5,0.1345596432552954,0.5652507475670999
TM23SOI,TM,Piata Universitatii,Seara,15:30-19:00,25,2,2.5,0.6128205128205129,0.8134370763546757
TR345MOS,TR,Arcul de Triumf,Dimineata,06:30-09:30,15,6,6.5,0.6518394648829431,0.7507282371635285
TR345MOS,TR,Arcul de Triumf,Pranz,12:00-14:00,2,6,6.5,0.3692307692307692,0.5956807306078472
TR345MOS,TR,Arcul de Triumf,Seara,15:30-19:00,22,6,6.5,0.8040133779264214,0.8157027397176331
TR345MOS,TR,Piata Romana,Dimineata,06:30-09:30,11,6,6.5,0.5648829431438127,0.707340014518073
TR345MOS,TR,Piata Romana,Pranz,12:00-14:00,3,6,6.5,0.3909698996655518,0.6088545692109504
TR345MOS,TR,Piata Romana,Seara,15:30-19:00,20,6,6.5,0.7605351170568562,0.7985891891595733
TR345MOS,TR,Piata Unirii,Dimineata,06:30-09:30,15,6,6.5,0.6518394648829431,0.7507282371635285
TR345MOS,TR,Piata Unirii,Pranz,12:00-14:00,3,6,6.5,0.3909698996655518,0.6088545692109504
TR345MOS,TR,Piata Unirii,Seara,15:30-19:00,18,6,6.5,0.717056856187291,0.7803144887848326
TR345MOS,TR,Piata Universitatii,Dimineata,06:30-09:30,5,6,6.5,0.434448160535117,0.6347154153791584
TR345MOS,TR,Piata Universitatii,Pranz,12:00-14:00,3,6,6.5,0.3909698996655518,0.6088545692109504
TR345MOS,TR,Piata Universitatii,Seara,15:30-19:00,25,6,6.5,0.8692307692307693,0.8392286463668311
TR23AGU,TR,Arcul de Triumf,Dimineata,06:30-09:30,15,7,6.5,0.6851727982162765,0.7562999700991855
TR23AGU,TR,Arcul de Triumf,Pranz,12:00-14:00,2,7,6.5,0.4025641025641026,0.6028848673274662
TR23AGU,TR,Arcul de Triumf,Seara,15:30-19:00,22,7,6.5,0.8373467112597548,0.8201700478362269
TR23AGU,TR,Piata Romana,Dimineata,06:30-09:30,11,7,6.5,0.5982162764771461,0.713511467542637
TR23AGU,TR,Piata Romana,Pranz,12:00-14:00,3,7,6.5,0.4243032329988851,0.6159753019181258
TR23AGU,TR,Piata Romana,Seara,15:30-19:00,20,7,6.5,0.7938684503901896,0.8033713285344591
TR23AGU,TR,Piata Unirii,Dimineata,06:30-09:30,15,7,6.5,0.6851727982162765,0.7562999700991855
TR23AGU,TR,Piata Unirii,Pranz,12:00-14:00,3,7,6.5,0.4243032329988851,0.6159753019181258
TR23AGU,TR,Piata Unirii,Seara,15:30-19:00,18,7,6.5,0.7503901895206244,0.7854139364810891
TR23AGU,TR,Piata Universitatii,Dimineata,06:30-09:30,5,7,6.5,0.4677814938684504,0.6416424532015634
TR23AGU,TR,Piata Universitatii,Pranz,12:00-14:00,3,7,6.5,0.4243032329988851,0.6159753019181258
TR23AGU,TR,Piata Universitatii,Seara,15:30-19:00,25,7,6.5,0.9025641025641028,0.8432352886030269
SV432COL,SV,Arcul de Triumf,Dimineata,06:30-09:30,15,4,4.0,0.5082497212931996,0.7320405018416317
SV432COL,SV,Arcul de Triumf,Pranz,12:00-14:00,2,4,4.0,0.2256410256410256,0.5719961329315186
SV432COL,SV,Arcul de Triumf,Seara,15:30-19:00,22,4,4.0,0.6604236343366778,0.8005922431513315
SV432COL,SV,Piata Romana,Dimineata,06:30-09:30,11,4,4.0,0.4212931995540691,0.6867567266439019
SV432COL,SV,Piata Romana,Pranz,12:00-14:00,3,4,4.0,0.2473801560758082,0.585404569129465
SV432COL,SV,Piata Romana,Seara,15:30-19:00,20,4,4.0,0.6169453734671126,0.7824497764231124
SV432COL,SV,Piata Unirii,Dimineata,06:30-09:30,15,4,4.0,0.5082497212931996,0.7320405018416317
SV432COL,SV,Piata Unirii,Pranz,12:00-14:00,3,4,4.0,0.2473801560758082,0.585404569129465
SV432COL,SV,Piata Unirii,Seara,15:30-19:00,18,4,4.0,0.5734671125975473,0.7631450157268554
SV432COL,SV,Piata Universitatii,Dimineata,06:30-09:30,5,4,4.0,0.2908584169453734,0.6118273690017371
SV432COL,SV,Piata Universitatii,Pranz,12:00-14:00,3,4,4.0,0.2473801560758082,0.585404569129465
SV432COL,SV,Piata Universitatii,Seara,15:30-19:00,25,4,4.0,0.7256410256410256,0.8256347143825868
SV75LOC,SV,Arcul de Triumf,Dimineata,06:30-09:30,15,4,4.0,0.5082497212931996,0.7320405018416317
SV75LOC,SV,Arcul de Triumf,Pranz,12:00-14:00,2,4,4.0,0.2256410256410256,0.5719961329315186
SV75LOC,SV,Arcul de Triumf,Seara,15:30-19:00,22,4,4.0,0.6604236343366778,0.8005922431513315
SV75LOC,SV,Piata Romana,Dimineata,06:30-09:30,11,4,4.0,0.4212931995540691,0.6867567266439019
SV75LOC,SV,Piata Romana,Pranz,12:00-14:00,3,4,4.0,0.2473801560758082,0.585404569129465
SV75LOC,SV,Piata Romana,Seara,15:30-19:00,20,4,4.0,0.6169453734671126,0.7824497764231124
SV75LOC,SV,Piata Unirii,Dimineata,06:30-09:30,15,4,4.0,0.5082497212931996,0.7320405018416317
SV75LOC,SV,Piata Unirii,Pranz,12:00-14:00,3,4,4.0,0.2473801560758082,0.585404569129465
SV75LOC,SV,Piata Unirii,Seara,15:30-19:00,18,4,4.0,0.5734671125975473,0.7631450157268554
SV75LOC,SV,Piata Universitatii,Dimineata,06:30-09:30,5,4,4.0,0.2908584169453734,0.6118273690017371
SV75LOC,SV,Piata Universitatii,Pranz,12:00-14:00,3,4,4.0,0.2473801560758082,0.585404569129465
SV75LOC,SV,Piata Universitatii,Seara,15:30-19:00,25,4,4.0,0.7256410256410256,0.8256347143825868
SB35RMX,SB,Arcul de Triumf,Dimineata,06:30-09:30,15,4,6.0,0.5697881828316611,0.7378841011916348
SB35RMX,SB,Arcul de Triumf,Pranz,12:00-14:00,2,4,6.0,0.2871794871794871,0.5793242521487495
SB35RMX,SB,Arcul de Triumf,Seara,15:30-19:00,22,4,6.0,0.7219620958751394,0.8053384164084221
SB35RMX,SB,Piata Romana,Dimineata,06:30-09:30,11,4,6.0,0.4828316610925307,0.6931739493259501
SB35RMX,SB,Piata Romana,Pranz,12:00-14:00,3,4,6.0,0.3089186176142698,0.5926665999540697
SB35RMX,SB,Piata Romana,Seara,15:30-19:00,20,4,6.0,0.6784838350055742,0.7875131558774608
SB35RMX,SB,Piata Unirii,Dimineata,06:30-09:30,15,4,6.0,0.5697881828316611,0.7378841011916348
SB35RMX,SB,Piata Unirii,Pranz,12:00-14:00,3,4,6.0,0.3089186176142698,0.5926665999540697
SB35RMX,SB,Piata Unirii,Seara,15:30-19:00,18,4,6.0,0.6350055741360089,0.7685247834990175
SB35RMX,SB,Piata Universitatii,Dimineata,06:30-09:30,5,4,6.0,0.352396878483835,0.6189278548001903
SB35RMX,SB,Piata Universitatii,Pranz,12:00-14:00,3,4,6.0,0.3089186176142698,0.5926665999540697
SB35RMX,SB,Piata Universitatii,Seara,15:30-19:00,25,4,6.0,0.7871794871794872,0.8299114747646735
SB11RIX,SB,Arcul de Triumf,Dimineata,06:30-09:30,15,8,6.0,0.7031215161649944,0.7604230019887311
SB11RIX,SB,Arcul de Triumf,Pranz,12:00-14:00,2,8,6.0,0.4205128205128205,0.6082590307465144
SB11RIX,SB,Arcul de Triumf,Seara,15:30-19:00,22,8,6.0,0.8552954292084727,0.8234647252208833
SB11RIX,SB,Piata Romana,Dimineata,06:30-09:30,11,8,6.0,0.616164994425864,0.7180885751833498
SB11RIX,SB,Piata Romana,Pranz,12:00-14:00,3,8,6.0,0.4422519509476031,0.6212835951910678
SB11RIX,SB,Piata Romana,Seara,15:30-19:00,20,8,6.0,0.8118171683389075,0.8069013157667836
SB11RIX,SB,Piata Unirii,Dimineata,06:30-09:30,15,8,6.0,0.7031215161649944,0.7604230019887311
SB11RIX,SB,Piata Unirii,Pranz,12:00-14:00,3,8,6.0,0.4422519509476031,0.6212835951910678
SB11RIX,SB,Piata Unirii,Seara,15:30-19:00,18,8,6.0,0.7683389074693422,0.789181706522253
SB11RIX,SB,Piata Universitatii,Dimineata,06:30-09:30,5,8,6.0,0.4857302118171683,0.6467993925579857
SB11RIX,SB,Piata Universitatii,Pranz,12:00-14:00,3,8,6.0,0.4422519509476031,0.6212835951910678
SB11RIX,SB,Piata Universitatii,Seara,15:30-19:00,25,8,6.0,0.9205128205128204,0.8461866360207932
SM499JUJ,SM,Arcul de Triumf,Dimineata,06:30-09:30,15,3,3.25,0.4518394648829431,0.7238719890366033
SM499JUJ,SM,Arcul de Triumf,Pranz,12:00-14:00,2,3,3.25,0.1692307692307692,0.5618688094084658
SM499JUJ,SM,Arcul de Triumf,Seara,15:30-19:00,22,3,3.25,0.6040133779264214,0.7939251933604737
SM499JUJ,SM,Piata Romana,Dimineata,06:30-09:30,11,3,3.25,0.3648829431438127,0.6778153331139356
SM499JUJ,SM,Piata Romana,Pranz,12:00-14:00,3,3,3.25,0.1909698996655518,0.5753589785675722
SM499JUJ,SM,Piata Romana,Seara,15:30-19:00,20,3,3.25,0.5605351170568562,0.7753463587323223
SM499JUJ,SM,Piata Unirii,Dimineata,06:30-09:30,15,3,3.25,0.4518394648829431,0.7238719890366033
SM499JUJ,SM,Piata Unirii,Pranz,12:00-14:00,3,3,3.25,0.1909698996655518,0.5753589785675722
SM499JUJ,SM,Piata Unirii,Seara,15:30-19:00,18,3,3.25,0.5170568561872909,0.7556081422569869
SM499JUJ,SM,Piata Universitatii,Dimineata,06:30-09:30,5,3,3.25,0.234448160535117,0.6019867167168059
SM499JUJ,SM,Piata Universitatii,Pranz,12:00-14:00,3,3,3.25,0.1909698996655518,0.5753589785675722
SM499JUJ,SM,Piata Universitatii,Seara,15:30-19:00,25,3,3.25,0.6692307692307692,0.8196162918480981
SM33ILO,SM,Arcul de Triumf,Dimineata,06:30-09:30,15,5,3.25,0.5185061315496098,0.7357024100812823
SM33ILO,SM,Arcul de Triumf,Pranz,12:00-14:00,2,5,3.25,0.2358974358974359,0.5765801210250313
SM33ILO,SM,Arcul de Triumf,Seara,15:30-19:00,22,5,3.25,0.670680044593088,0.8035687109548284
SM33ILO,SM,Piata Romana,Dimineata,06:30-09:30,11,5,3.25,0.4315496098104794,0.6907760704944861
SM33ILO,SM,Piata Romana,Pranz,12:00-14:00,3,5,3.25,0.2576365663322185,0.5899478992452616
SM33ILO,SM,Piata Romana,Seara,15:30-19:00,20,5,3.25,0.6272017837235229,0.7856245349250817
SM33ILO,SM,Piata Unirii,Dimineata,06:30-09:30,15,5,3.25,0.5185061315496098,0.7357024100812823
SM33ILO,SM,Piata Unirii,Pranz,12:00-14:00,3,5,3.25,0.2576365663322185,0.5899478992452616
SM33ILO,SM,Piata Unirii,Seara,15:30-19:00,18,5,3.25,0.5837235228539576,0.7665174281856992
SM33ILO,SM,Piata Universitatii,Dimineata,06:30-09:30,5,5,3.25,0.3011148272017837,0.6162709461820208
SM33ILO,SM,Piata Universitatii,Pranz,12:00-14:00,3,5,3.25,0.2576365663322185,0.5899478992452616
SM33ILO,SM,Piata Universitatii,Seara,15:30-19:00,25,5,3.25,0.7358974358974358,0.8283175434814443
SJ66VNM,SJ,Arcul de Triumf,Dimineata,06:30-09:30,15,3,4.5,0.4903010033444815,0.7276039892428419
SJ66VNM,SJ,Arcul de Triumf,Pranz,12:00-14:00,2,3,4.5,0.2076923076923076,0.5664790559676278
SJ66VNM,SJ,Arcul de Triumf,Seara,15:30-19:00,22,3,4.5,0.64247491638796,0.7969759406564939
SJ66VNM,SJ,Piata Romana,Dimineata,06:30-09:30,11,3,4.5,0.4033444816053512,0.6818962645895935
SJ66VNM,SJ,Piata Romana,Pranz,12:00-14:00,3,3,4.5,0.2294314381270903,0.5799334001885057
SJ66VNM,SJ,Piata Romana,Seara,15:30-19:00,20,3,4.5,0.5989966555183946,0.7785954465118283
SJ66VNM,SJ,Piata Unirii,Dimineata,06:30-09:30,15,3,4.5,0.4903010033444815,0.7276039892428419
SJ66VNM,SJ,Piata Unirii,Pranz,12:00-14:00,3,3,4.5,0.2294314381270903,0.5799334001885057
SJ66VNM,SJ,Piata Unirii,Seara,15:30-19:00,18,3,4.5,0.5555183946488294,0.7590539855304069
SJ66VNM,SJ,Piata Universitatii,Dimineata,06:30-09:30,5,3,4.5,0.2729096989966555,0.6064704870683034
SJ66VNM,SJ,Piata Universitatii,Pranz,12:00-14:00,3,3,4.5,0.2294314381270903,0.5799334001885057
SJ66VNM,SJ,Piata Universitatii,Seara,15:30-19:00,25,3,4.5,0.7076923076923076,0.8223717996358786
SJ23MNN,SJ,Arcul de Triumf,Dimineata,06:30-09:30,15,6,4.5,0.5903010033444815,0.7450720559074311
SJ23MNN,SJ,Arcul de Triumf,Pranz,12:00-14:00,2,6,4.5,0.3076923076923077,0.5884351201276382
SJ23MNN,SJ,Arcul de Triumf,Seara,15:30-19:00,22,6,4.5,0.7424749163879598,0.8111500084714831
SJ23MNN,SJ,Piata Romana,Dimineata,06:30-09:30,11,6,4.5,0.5033444816053512,0.7010913114266953
SJ23MNN,SJ,Piata Romana,Pranz,12:00-14:00,3,6,4.5,0.3294314381270903,0.6016871801828567
SJ23MNN,SJ,Piata Romana,Seara,15:30-19:00,20,6,4.5,0.6989966555183946,0.793720608245328
SJ23MNN,SJ,Piata Unirii,Dimineata,06:30-09:30,15,6,4.5,0.5903010033444815,0.7450720559074311
SJ23MNN,SJ,Piata Unirii,Pranz,12:00-14:00,3,6,4.5,0.3294314381270903,0.6016871801828567
SJ23MNN,SJ,Piata Unirii,Seara,15:30-19:00,18,6,4.5,0.6555183946488294,0.7751285533173565
SJ23MNN,SJ,Piata Universitatii,Dimineata,06:30-09:30,5,6,4.5,0.3729096989966555,0.6277321638605189
SJ23MNN,SJ,Piata Universitatii,Pranz,12:00-14:00,3,6,4.5,0.3294314381270903,0.6016871801828567
SJ23MNN,SJ,Piata Universitatii,Seara,15:30-19:00,25,6,4.5,0.8076923076923077,0.8351396218469611
PH99URU,PH,Arcul de Triumf,Dimineata,06:30-09:30,15,2,3.0,0.4108138238573021,0.7170752854929725
PH99URU,PH,Arcul de Triumf,Pranz,12:00-14:00,2,2,3.0,0.1282051282051282,0.5535439031511183
PH99URU,PH,Arcul de Triumf,Seara,15:30-19:00,22,2,3.0,0.5629877369007804,0.788348634008099
PH99URU,PH,Piata Romana,Dimineata,06:30-09:30,11,2,3.0,0.3238573021181717,0.6704011598088686
PH99URU,PH,Piata Romana,Pranz,12:00-14:00,3,2,3.0,0.1499442586399108,0.5670929049654543
PH99URU,PH,Piata Romana,Seara,15:30-19:00,20,2,3.0,0.5195094760312151,0.7694130612287485
PH99URU,PH,Piata Unirii,Dimineata,06:30-09:30,15,2,3.0,0.4108138238573021,0.7170752854929725
PH99URU,PH,Piata Unirii,Pranz,12:00-14:00,3,2,3.0,0.1499442586399108,0.5670929049654543
PH99URU,PH,Piata Unirii,Seara,15:30-19:00,18,2,3.0,0.4760312151616499,0.7493220844051797
PH99URU,PH,Piata Universitatii,Dimineata,06:30-09:30,5,2,3.0,0.193422519509476,0.5938731029341427
PH99URU,PH,Piata Universitatii,Pranz,12:00-14:00,3,2,3.0,0.1499442586399108,0.5670929049654543
PH99URU,PH,Piata Universitatii,Seara,15:30-19:00,25,2,3.0,0.6282051282051282,0.8145725807070178
PH578HOT,PH,Arcul de Triumf,Dimineata,06:30-09:30,15,4,3.0,0.4774804905239688,0.7290879223493065
PH578HOT,PH,Arcul de Triumf,Pranz,12:00-14:00,2,4,3.0,0.1948717948717948,0.5683199834782481
PH578HOT,PH,Arcul de Triumf,Seara,15:30-19:00,22,4,3.0,0.6296544035674471,0.7981867777396212
PH578HOT,PH,Piata Romana,Dimineata,06:30-09:30,11,4,3.0,0.3905239687848383,0.6835208937363157
PH578HOT,PH,Piata Romana,Pranz,12:00-14:00,3,4,3.0,0.2166109253065775,0.5817593768418363
PH578HOT,PH,Piata Romana,Seara,15:30-19:00,20,4,3.0,0.5861761426978819,0.7798856290007258
PH578HOT,PH,Piata Unirii,Dimineata,06:30-09:30,15,4,3.0,0.4774804905239688,0.7290879223493065
PH578HOT,PH,Piata Unirii,Pranz,12:00-14:00,3,4,3.0,0.2166109253065775,0.5817593768418363
PH578HOT,PH,Piata Unirii,Seara,15:30-19:00,18,4,3.0,0.5426978818283166,0.7604230019887309
PH578HOT,PH,Piata Universitatii,Dimineata,06:30-09:30,5,4,3.0,0.2600891861761427,0.6082590307465144
PH578HOT,PH,Piata Universitatii,Pranz,12:00-14:00,3,4,3.0,0.2166109253065775,0.5817593768418363
PH578HOT,PH,Piata Universitatii,Seara,15:30-19:00,25,4,3.0,0.6948717948717948,0.8234647252208833
OT31JKL,OT,Arcul de Triumf,Dimineata,06:30-09:30,15,3,4.0,0.4749163879598662,0.7261149812607791
OT31JKL,OT,Arcul de Triumf,Pranz,12:00-14:00,2,3,4.0,0.1923076923076923,0.5646362918030292
OT31JKL,OT,Arcul de Triumf,Seara,15:30-19:00,22,3,4.0,0.6270903010033445,0.7957596977159083
OT31JKL,OT,Piata Romana,Dimineata,06:30-09:30,11,3,4.0,0.3879598662207358,0.6802671966986485
OT31JKL,OT,Piata Romana,Pranz,12:00-14:00,3,3,4.0,0.2140468227424749,0.5781052328843092
OT31JKL,OT,Piata Romana,Seara,15:30-19:00,20,3,4.0,0.5836120401337792,0.7772998611746911
OT31JKL,OT,Piata Unirii,Dimineata,06:30-09:30,15,3,4.0,0.4749163879598662,0.7261149812607791
OT31JKL,OT,Piata Unirii,Pranz,12:00-14:00,3,3,4.0,0.2140468227424749,0.5781052328843092
OT31JKL,OT,Piata Unirii,Seara,15:30-19:00,18,3,4.0,0.540133779264214,0.7576796390037049
OT31JKL,OT,Piata Universitatii,Dimineata,06:30-09:30,5,3,4.0,0.2575250836120401,0.6046790847140093
OT31JKL,OT,Piata Universitatii,Pranz,12:00-14:00,3,3,4.0,0.2140468227424749,0.5781052328843092
OT31JKL,OT,Piata Universitatii,Seara,15:30-19:00,25,3,4.0,0.6923076923076923,0.8212735763411496
OT65KLL,OT,Arcul de Triumf,Dimineata,06:30-09:30,15,5,4.0,0.5415830546265329,0.7378841011916348
OT65KLL,OT,Arcul de Triumf,Pranz,12:00-14:00,2,5,4.0,0.2589743589743589,0.5793242521487495
OT65KLL,OT,Arcul de Triumf,Seara,15:30-19:00,22,5,4.0,0.6937569676700112,0.8053384164084221
OT65KLL,OT,Piata Romana,Dimineata,06:30-09:30,11,5,4.0,0.4546265328874024,0.6931739493259501
OT65KLL,OT,Piata Romana,Pranz,12:00-14:00,3,5,4.0,0.2807134894091416,0.5926665999540698
OT65KLL,OT,Piata Romana,Seara,15:30-19:00,20,5,4.0,0.650278706800446,0.7875131558774608
OT65KLL,OT,Piata Unirii,Dimineata,06:30-09:30,15,5,4.0,0.5415830546265329,0.7378841011916348
OT65KLL,OT,Piata Unirii,Pranz,12:00-14:00,3,5,4.0,0.2807134894091416,0.5926665999540698
OT65KLL,OT,Piata Unirii,Seara,15:30-19:00,18,5,4.0,0.6068004459308807,0.7685247834990175
OT65KLL,OT,Piata Universitatii,Dimineata,06:30-09:30,5,5,4.0,0.3241917502787068,0.6189278548001903
OT65KLL,OT,Piata Universitatii,Pranz,12:00-14:00,3,5,4.0,0.2807134894091416,0.5926665999540698
OT65KLL,OT,Piata Universitatii,Seara,15:30-19:00,25,5,4.0,0.7589743589743589,0.8299114747646735
NT77SNM,NT,Arcul de Triumf,Dimineata,06:30-09:30,15,4,4.5,0.5236343366778149,0.7335091181602805
NT77SNM,NT,Arcul de Triumf,Pranz,12:00-14:00,2,4,4.5,0.241025641025641,0.5738312575916094
NT77SNM,NT,Arcul de Triumf,Seara,15:30-19:00,22,4,4.5,0.6758082497212932,0.8017868765950724
NT77SNM,NT,Piata Romana,Dimineata,06:30-09:30,11,4,4.5,0.4366778149386845,0.6883678768310287
NT77SNM,NT,Piata Romana,Pranz,12:00-14:00,3,4,4.5,0.2627647714604236,0.587223690839335
NT77SNM,NT,Piata Romana,Seara,15:30-19:00,20,4,4.5,0.632329988851728,0.7837237376544267
NT77SNM,NT,Piata Unirii,Dimineata,06:30-09:30,15,4,4.5,0.5236343366778149,0.7335091181602805
NT77SNM,NT,Piata Unirii,Pranz,12:00-14:00,3,4,4.5,0.2627647714604236,0.587223690839335
NT77SNM,NT,Piata Unirii,Seara,15:30-19:00,18,4,4.5,0.5888517279821628,0.7644979994081456
NT77SNM,NT,Piata Universitatii,Dimineata,06:30-09:30,5,4,4.5,0.3062430323299888,0.6136070778047783
NT77SNM,NT,Piata Universitatii,Pranz,12:00-14:00,3,4,4.5,0.2627647714604236,0.587223690839335
NT77SNM,NT,Piata Universitatii,Seara,15:30-19:00,25,4,4.5,0.7410256410256411,0.8267117940706734
NT663HNM,NT,Arcul de Triumf,Dimineata,06:30-09:30,15,5,4.5,0.5569676700111483,0.7393320946525015
NT663HNM,NT,Arcul de Triumf,Pranz,12:00-14:00,2,5,4.5,0.2743589743589744,0.5811509642893937
NT663HNM,NT,Arcul de Triumf,Seara,15:30-19:00,22,5,4.5,0.7091415830546266,0.8065114879171674
NT663HNM,NT,Piata Romana,Dimineata,06:30-09:30,11,5,4.5,0.4700111482720178,0.6947667628737805
NT663HNM,NT,Piata Romana,Pranz,12:00-14:00,3,5,4.5,0.296098104793757,0.5944759307482401
NT663HNM,NT,Piata Romana,Seara,15:30-19:00,20,5,4.5,0.6656633221850614,0.7887654709682405
NT663HNM,NT,Piata Unirii,Dimineata,06:30-09:30,15,5,4.5,0.5569676700111483,0.7393320946525015
NT663HNM,NT,Piata Unirii,Pranz,12:00-14:00,3,5,4.5,0.296098104793757,0.5944759307482401
NT663HNM,NT,Piata Unirii,Seara,15:30-19:00,18,5,4.5,0.622185061315496,0.769856303965535
NT663HNM,NT,Piata Universitatii,Dimineata,06:30-09:30,5,5,4.5,0.3395763656633221,0.6206951913643555
NT663HNM,NT,Piata Universitatii,Pranz,12:00-14:00,3,5,4.5,0.296098104793757,0.5944759307482401
NT663HNM,NT,Piata Universitatii,Seara,15:30-19:00,25,5,4.5,0.7743589743589743,0.8309675448831123
MS78YUI,MS,Arcul de Triumf,Dimineata,06:30-09:30,15,4,5.5,0.5544035674470458,0.7364309317009723
MS78YUI,MS,Arcul de Triumf,Pranz,12:00-14:00,2,4,5.5,0.2717948717948718,0.5774953651858118
MS78YUI,MS,Arcul de Triumf,Seara,15:30-19:00,22,4,5.5,0.706577480490524,0.8041599598359659
MS78YUI,MS,Piata Romana,Dimineata,06:30-09:30,11,4,5.5,0.4674470457079153,0.6915765137521193
MS78YUI,MS,Piata Romana,Pranz,12:00-14:00,3,4,5.5,0.2935340022296544,0.5908547524545943
MS78YUI,MS,Piata Romana,Seara,15:30-19:00,20,4,5.5,0.6630992196209589,0.7862554282848526
MS78YUI,MS,Piata Unirii,Dimineata,06:30-09:30,15,4,5.5,0.5544035674470458,0.7364309317009723
MS78YUI,MS,Piata Unirii,Pranz,12:00-14:00,3,4,5.5,0.2935340022296544,0.5908547524545943
MS78YUI,MS,Piata Unirii,Seara,15:30-19:00,18,4,5.5,0.6196209587513934,0.7671878890411421
MS78YUI,MS,Piata Universitatii,Dimineata,06:30-09:30,5,4,5.5,0.3370122630992196,0.6171573626529723
MS78YUI,MS,Piata Universitatii,Pranz,12:00-14:00,3,4,5.5,0.2935340022296544,0.5908547524545943
MS78YUI,MS,Piata Universitatii,Seara,15:30-19:00,25,4,5.5,0.7717948717948717,0.8288501655627865
MS22MUH,MS,Arcul de Triumf,Dimineata,06:30-09:30,15,7,5.5,0.6544035674470456,0.7535246977220308
MS22MUH,MS,Arcul de Triumf,Pranz,12:00-14:00,2,7,5.5,0.3717948717948718,0.5992881635083561
MS22MUH,MS,Arcul de Triumf,Seara,15:30-19:00,22,7,5.5,0.8065774804905239,0.8179470463328555
MS22MUH,MS,Piata Romana,Dimineata,06:30-09:30,11,7,5.5,0.5674470457079153,0.7104354810428751
MS22MUH,MS,Piata Romana,Pranz,12:00-14:00,3,7,5.5,0.3935340022296544,0.6124209393479161
MS22MUH,MS,Piata Romana,Seara,15:30-19:00,20,7,5.5,0.7630992196209587,0.8009910540033891
MS22MUH,MS,Piata Unirii,Dimineata,06:30-09:30,15,7,5.5,0.6544035674470456,0.7535246977220308
MS22MUH,MS,Piata Unirii,Pranz,12:00-14:00,3,7,5.5,0.3935340022296544,0.6124209393479161
MS22MUH,MS,Piata Unirii,Seara,15:30-19:00,18,7,5.5,0.7196209587513935,0.7828750312283104
MS22MUH,MS,Piata Universitatii,Dimineata,06:30-09:30,5,7,5.5,0.4370122630992196,0.6381861133090055
MS22MUH,MS,Piata Universitatii,Pranz,12:00-14:00,3,7,5.5,0.3935340022296544,0.6124209393479161
MS22MUH,MS,Piata Universitatii,Seara,15:30-19:00,25,7,5.5,0.8717948717948718,0.8412422215588984
IF06XAA,IF,Arcul de Triumf,Dimineata,06:30-09:30,15,3,3.0,0.4441471571906354,0.7231218051243898
IF06XAA,IF,Arcul de Triumf,Pranz,12:00-14:00,2,3,3.0,0.1615384615384615,0.5609454503247162
IF06XAA,IF,Arcul de Triumf,Seara,15:30-19:00,22,3,3.0,0.5963210702341137,0.7933109871625582
IF06XAA,IF,Piata Romana,Dimineata,06:30-09:30,11,3,3.0,0.357190635451505,0.6769958562385231
IF06XAA,IF,Piata Romana,Pranz,12:00-14:00,3,3,3.0,0.1832775919732441,0.574442516811659
IF06XAA,IF,Piata Romana,Seara,15:30-19:00,20,3,3.0,0.5528428093645485,0.7746924929149283
IF06XAA,IF,Piata Unirii,Dimineata,06:30-09:30,15,3,3.0,0.4441471571906354,0.7231218051243898
IF06XAA,IF,Piata Unirii,Pranz,12:00-14:00,3,3,3.0,0.1832775919732441,0.574442516811659
IF06XAA,IF,Piata Unirii,Seara,15:30-19:00,18,3,3.0,0.5093645484949832,0.7549149868676283
IF06XAA,IF,Piata Universitatii,Dimineata,06:30-09:30,5,3,3.0,0.2267558528428093,0.6010878788483698
IF06XAA,IF,Piata Universitatii,Pranz,12:00-14:00,3,3,3.0,0.1832775919732441,0.574442516811659
IF06XAA,IF,Piata Universitatii,Seara,15:30-19:00,25,3,3.0,0.6615384615384615,0.819061206847858
IF05BOK,IF,Arcul de Triumf,Dimineata,06:30-09:30,15,3,3.0,0.4441471571906354,0.7231218051243898
IF05BOK,IF,Arcul de Triumf,Pranz,12:00-14:00,2,3,3.0,0.1615384615384615,0.5609454503247162
IF05BOK,IF,Arcul de Triumf,Seara,15:30-19:00,22,3,3.0,0.5963210702341137,0.7933109871625582
IF05BOK,IF,Piata Romana,Dimineata,06:30-09:30,11,3,3.0,0.357190635451505,0.6769958562385231
IF05BOK,IF,Piata Romana,Pranz,12:00-14:00,3,3,3.0,0.1832775919732441,0.574442516811659
IF05BOK,IF,Piata Romana,Seara,15:30-19:00,20,3,3.0,0.5528428093645485,0.7746924929149283
IF05BOK,IF,Piata Unirii,Dimineata,06:30-09:30,15,3,3.0,0.4441471571906354,0.7231218051243898
IF05BOK,IF,Piata Unirii,Pranz,12:00-14:00,3,3,3.0,0.1832775919732441,0.574442516811659
IF05BOK,IF,Piata Unirii,Seara,15:30-19:00,18,3,3.0,0.5093645484949832,0.7549149868676283
IF05BOK,IF,Piata Universitatii,Dimineata,06:30-09:30,5,3,3.0,0.2267558528428093,0.6010878788483698
IF05BOK,IF,Piata Universitatii,Pranz,12:00-14:00,3,3,3.0,0.1832775919732441,0.574442516811659
IF05BOK,IF,Piata Universitatii,Seara,15:30-19:00,25,3,3.0,0.6615384615384615,0.819061206847858
IS888DMN,IS,Arcul de Triumf,Dimineata,06:30-09:30,15,2,3.0,0.4108138238573021,0.7170752854929725
IS888DMN,IS,Arcul de Triumf,Pranz,12:00-14:00,2,2,3.0,0.1282051282051282,0.5535439031511183
IS888DMN,IS,Arcul de Triumf,Seara,15:30-19:00,22,2,3.0,0.5629877369007804,0.788348634008099
IS888DMN,IS,Piata Romana,Dimineata,06:30-09:30,11,2,3.0,0.3238573021181717,0.6704011598088686
IS888DMN,IS,Piata Romana,Pranz,12:00-14:00,3,2,3.0,0.1499442586399108,0.5670929049654543
IS888DMN,IS,Piata Romana,Seara,15:30-19:00,20,2,3.0,0.5195094760312151,0.7694130612287485
IS888DMN,IS,Piata Unirii,Dimineata,06:30-09:30,15,2,3.0,0.4108138238573021,0.7170752854929725
IS888DMN,IS,Piata Unirii,Pranz,12:00-14:00,3,2,3.0,0.1499442586399108,0.5670929049654543
IS888DMN,IS,Piata Unirii,Seara,15:30-19:00,18,2,3.0,0.4760312151616499,0.7493220844051797
IS888DMN,IS,Piata Universitatii,Dimineata,06:30-09:30,5,2,3.0,0.193422519509476,0.5938731029341427
IS888DMN,IS,Piata Universitatii,Pranz,12:00-14:00,3,2,3.0,0.1499442586399108,0.5670929049654543
IS888DMN,IS,Piata Universitatii,Seara,15:30-19:00,25,2,3.0,0.6282051282051282,0.8145725807070178
IS768KIL,IS,Arcul de Triumf,Dimineata,06:30-09:30,15,4,3.0,0.4774804905239688,0.7290879223493065
IS768KIL,IS,Arcul de Triumf,Pranz,12:00-14:00,2,4,3.0,0.1948717948717948,0.5683199834782481
IS768KIL,IS,Arcul de Triumf,Seara,15:30-19:00,22,4,3.0,0.6296544035674471,0.7981867777396212
IS768KIL,IS,Piata Romana,Dimineata,06:30-09:30,11,4,3.0,0.3905239687848383,0.6835208937363157
IS768KIL,IS,Piata Romana,Pranz,12:00-14:00,3,4,3.0,0.2166109253065775,0.5817593768418363
IS768KIL,IS,Piata Romana,Seara,15:30-19:00,20,4,3.0,0.5861761426978819,0.7798856290007258
IS768KIL,IS,Piata Unirii,Dimineata,06:30-09:30,15,4,3.0,0.4774804905239688,0.7290879223493065
IS768KIL,IS,Piata Unirii,Pranz,12:00-14:00,3,4,3.0,0.2166109253065775,0.5817593768418363
IS768KIL,IS,Piata Unirii,Seara,15:30-19:00,18,4,3.0,0.5426978818283166,0.7604230019887309
IS768KIL,IS,Piata Universitatii,Dimineata,06:30-09:30,5,4,3.0,0.2600891861761427,0.6082590307465144
IS768KIL,IS,Piata Universitatii,Pranz,12:00-14:00,3,4,3.0,0.2166109253065775,0.5817593768418363
IS768KIL,IS,Piata Universitatii,Seara,15:30-19:00,25,4,3.0,0.6948717948717948,0.8234647252208833
IL678ROG,IL,Arcul de Triumf,Dimineata,06:30-09:30,15,2,4.0,0.4415830546265328,0.7201085268004915
IL678ROG,IL,Arcul de Triumf,Pranz,12:00-14:00,2,2,4.0,0.1589743589743589,0.5572478545985556
IL678ROG,IL,Arcul de Triumf,Seara,15:30-19:00,22,2,4.0,0.5937569676700112,0.7908406347869368
IL678ROG,IL,Piata Romana,Dimineata,06:30-09:30,11,2,4.0,0.3546265328874025,0.6737070994545215
IL678ROG,IL,Piata Romana,Pranz,12:00-14:00,3,2,4.0,0.1807134894091416,0.5707716118944918
IL678ROG,IL,Piata Romana,Seara,15:30-19:00,20,2,4.0,0.550278706800446,0.7720635494267837
IL678ROG,IL,Piata Unirii,Dimineata,06:30-09:30,15,2,4.0,0.4415830546265328,0.7201085268004915
IL678ROG,IL,Piata Unirii,Pranz,12:00-14:00,3,2,4.0,0.1807134894091416,0.5707716118944918
IL678ROG,IL,Piata Unirii,Seara,15:30-19:00,18,2,4.0,0.5068004459308807,0.7521291114395701
IL678ROG,IL,Piata Universitatii,Dimineata,06:30-09:30,5,2,4.0,0.2241917502787068,0.5974857658270161
IL678ROG,IL,Piata Universitatii,Pranz,12:00-14:00,3,2,4.0,0.1807134894091416,0.5707716118944918
IL678ROG,IL,Piata Universitatii,Seara,15:30-19:00,25,2,4.0,0.658974358974359,0.816827559480949
IL666OLI,IL,Arcul de Triumf,Dimineata,06:30-09:30,15,6,4.0,0.5749163879598662,0.7436448917562621
IL666OLI,IL,Arcul de Triumf,Pranz,12:00-14:00,2,6,4.0,0.2923076923076922,0.5866175789173301
IL666OLI,IL,Arcul de Triumf,Seara,15:30-19:00,22,6,4.0,0.7270903010033445,0.8099984339846871
IL666OLI,IL,Piata Romana,Dimineata,06:30-09:30,11,6,4.0,0.4879598662207358,0.6995172276624275
IL666OLI,IL,Piata Romana,Pranz,12:00-14:00,3,6,4.0,0.3140468227424749,0.5998883688639983
IL666OLI,IL,Piata Romana,Seara,15:30-19:00,20,6,4.0,0.6836120401337793,0.7924899414403644
IL666OLI,IL,Piata Unirii,Dimineata,06:30-09:30,15,6,4.0,0.5749163879598662,0.7436448917562621
IL666OLI,IL,Piata Unirii,Pranz,12:00-14:00,3,6,4.0,0.3140468227424749,0.5998883688639983
IL666OLI,IL,Piata Unirii,Seara,15:30-19:00,18,6,4.0,0.640133779264214,0.7738185742694538
IL666OLI,IL,Piata Universitatii,Dimineata,06:30-09:30,5,6,4.0,0.3575250836120401,0.6259778577666038
IL666OLI,IL,Piata Universitatii,Pranz,12:00-14:00,3,6,4.0,0.3140468227424749,0.5998883688639983
IL666OLI,IL,Piata Universitatii,Seara,15:30-19:00,25,6,4.0,0.7923076923076923,0.8341044139014865
HD56FIL,HD,Arcul de Triumf,Dimineata,06:30-09:30,15,4,4.5,0.5236343366778149,0.7335091181602805
HD56FIL,HD,Arcul de Triumf,Pranz,12:00-14:00,2,4,4.5,0.241025641025641,0.5738312575916094
HD56FIL,HD,Arcul de Triumf,Seara,15:30-19:00,22,4,4.5,0.6758082497212932,0.8017868765950724
HD56FIL,HD,Piata Romana,Dimineata,06:30-09:30,11,4,4.5,0.4366778149386845,0.6883678768310287
HD56FIL,HD,Piata Romana,Pranz,12:00-14:00,3,4,4.5,0.2627647714604236,0.587223690839335
HD56FIL,HD,Piata Romana,Seara,15:30-19:00,20,4,4.5,0.632329988851728,0.7837237376544267
HD56FIL,HD,Piata Unirii,Dimineata,06:30-09:30,15,4,4.5,0.5236343366778149,0.7335091181602805
HD56FIL,HD,Piata Unirii,Pranz,12:00-14:00,3,4,4.5,0.2627647714604236,0.587223690839335
HD56FIL,HD,Piata Unirii,Seara,15:30-19:00,18,4,4.5,0.5888517279821628,0.7644979994081456
HD56FIL,HD,Piata Universitatii,Dimineata,06:30-09:30,5,4,4.5,0.3062430323299888,0.6136070778047783
HD56FIL,HD,Piata Universitatii,Pranz,12:00-14:00,3,4,4.5,0.2627647714604236,0.587223690839335
HD56FIL,HD,Piata Universitatii,Seara,15:30-19:00,25,4,4.5,0.7410256410256411,0.8267117940706734
HD789IKJ,HD,Arcul de Triumf,Dimineata,06:30-09:30,15,5,4.5,0.5569676700111483,0.7393320946525015
HD789IKJ,HD,Arcul de Triumf,Pranz,12:00-14:00,2,5,4.5,0.2743589743589744,0.5811509642893937
HD789IKJ,HD,Arcul de Triumf,Seara,15:30-19:00,22,5,4.5,0.7091415830546266,0.8065114879171674
HD789IKJ,HD,Piata Romana,Dimineata,06:30-09:30,11,5,4.5,0.4700111482720178,0.6947667628737805
HD789IKJ,HD,Piata Romana,Pranz,12:00-14:00,3,5,4.5,0.296098104793757,0.5944759307482401
HD789IKJ,HD,Piata Romana,Seara,15:30-19:00,20,5,4.5,0.6656633221850614,0.7887654709682405
HD789IKJ,HD,Piata Unirii,Dimineata,06:30-09:30,15,5,4.5,0.5569676700111483,0.7393320946525015
HD789IKJ,HD,Piata Unirii,Pranz,12:00-14:00,3,5,4.5,0.296098104793757,0.5944759307482401
HD789IKJ,HD,Piata Unirii,Seara,15:30-19:00,18,5,4.5,0.622185061315496,0.769856303965535
HD789IKJ,HD,Piata Universitatii,Dimineata,06:30-09:30,5,5,4.5,0.3395763656633221,0.6206951913643555
HD789IKJ,HD,Piata Universitatii,Pranz,12:00-14:00,3,5,4.5,0.296098104793757,0.5944759307482401
HD789IKJ,HD,Piata Universitatii,Seara,15:30-19:00,25,5,4.5,0.7743589743589743,0.8309675448831123
GJ08BOH,GJ,Arcul de Triumf,Dimineata,06:30-09:30,15,4,4.5,0.5236343366778149,0.7335091181602805
GJ08BOH,GJ,Arcul de Triumf,Pranz,12:00-14:00,2,4,4.5,0.241025641025641,0.5738312575916094
GJ08BOH,GJ,Arcul de Triumf,Seara,15:30-19:00,22,4,4.5,0.6758082497212932,0.8017868765950724
GJ08BOH,GJ,Piata Romana,Dimineata,06:30-09:30,11,4,4.5,0.4366778149386845,0.6883678768310287
GJ08BOH,GJ,Piata Romana,Pranz,12:00-14:00,3,4,4.5,0.2627647714604236,0.587223690839335
GJ08BOH,GJ,Piata Romana,Seara,15:30-19:00,20,4,4.5,0.632329988851728,0.7837237376544267
GJ08BOH,GJ,Piata Unirii,Dimineata,06:30-09:30,15,4,4.5,0.5236343366778149,0.7335091181602805
GJ08BOH,GJ,Piata Unirii,Pranz,12:00-14:00,3,4,4.5,0.2627647714604236,0.587223690839335
GJ08BOH,GJ,Piata Unirii,Seara,15:30-19:00,18,4,4.5,0.5888517279821628,0.7644979994081456
GJ08BOH,GJ,Piata Universitatii,Dimineata,06:30-09:30,5,4,4.5,0.3062430323299888,0.6136070778047783
GJ08BOH,GJ,Piata Universitatii,Pranz,12:00-14:00,3,4,4.5,0.2627647714604236,0.587223690839335
GJ08BOH,GJ,Piata Universitatii,Seara,15:30-19:00,25,4,4.5,0.7410256410256411,0.8267117940706734
GJ87MIL,GJ,Arcul de Triumf,Dimineata,06:30-09:30,15,5,4.5,0.5569676700111483,0.7393320946525015
GJ87MIL,GJ,Arcul de Triumf,Pranz,12:00-14:00,2,5,4.5,0.2743589743589744,0.5811509642893937
GJ87MIL,GJ,Arcul de Triumf,Seara,15:30-19:00,22,5,4.5,0.7091415830546266,0.8065114879171674
GJ87MIL,GJ,Piata Romana,Dimineata,06:30-09:30,11,5,4.5,0.4700111482720178,0.6947667628737805
GJ87MIL,GJ,Piata Romana,Pranz,12:00-14:00,3,5,4.5,0.296098104793757,0.5944759307482401
GJ87MIL,GJ,Piata Romana,Seara,15:30-19:00,20,5,4.5,0.6656633221850614,0.7887654709682405
GJ87MIL,GJ,Piata Unirii,Dimineata,06:30-09:30,15,5,4.5,0.5569676700111483,0.7393320946525015
GJ87MIL,GJ,Piata Unirii,Pranz,12:00-14:00,3,5,4.5,0.296098104793757,0.5944759307482401
GJ87MIL,GJ,Piata Unirii,Seara,15:30-19:00,18,5,4.5,0.622185061315496,0.769856303965535
GJ87MIL,GJ,Piata Universitatii,Dimineata,06:30-09:30,5,5,4.5,0.3395763656633221,0.6206951913643555
GJ87MIL,GJ,Piata Universitatii,Pranz,12:00-14:00,3,5,4.5,0.296098104793757,0.5944759307482401
GJ87MIL,GJ,Piata Universitatii,Seara,15:30-19:00,25,5,4.5,0.7743589743589743,0.8309675448831123
GR76SUR,GR,Arcul de Triumf,Dimineata,06:30-09:30,15,8,4.5,0.6569676700111482,0.7562999700991855
GR76SUR,GR,Arcul de Triumf,Pranz,12:00-14:00,2,8,4.5,0.3743589743589743,0.6028848673274662
GR76SUR,GR,Arcul de Triumf,Seara,15:30-19:00,22,8,4.5,0.8091415830546265,0.820170047836227
GR76SUR,GR,Piata Romana,Dimineata,06:30-09:30,11,8,4.5,0.5700111482720178,0.7135114675426371
GR76SUR,GR,Piata Romana,Pranz,12:00-14:00,3,8,4.5,0.3960981047937569,0.6159753019181258
GR76SUR,GR,Piata Romana,Seara,15:30-19:00,20,8,4.5,0.7656633221850613,0.8033713285344591
GR76SUR,GR,Piata Unirii,Dimineata,06:30-09:30,15,8,4.5,0.6569676700111482,0.7562999700991855
GR76SUR,GR,Piata Unirii,Pranz,12:00-14:00,3,8,4.5,0.3960981047937569,0.6159753019181258
GR76SUR,GR,Piata Unirii,Seara,15:30-19:00,18,8,4.5,0.7221850613154961,0.7854139364810891
GR76SUR,GR,Piata Universitatii,Dimineata,06:30-09:30,5,8,4.5,0.4395763656633222,0.6416424532015634
GR76SUR,GR,Piata Universitatii,Pranz,12:00-14:00,3,8,4.5,0.3960981047937569,0.6159753019181258
GR76SUR,GR,Piata Universitatii,Seara,15:30-19:00,25,8,4.5,0.8743589743589744,0.8432352886030269
GR999JKI,GR,Arcul de Triumf,Dimineata,06:30-09:30,15,1,4.5,0.4236343366778149,0.7155512239631054
GR999JKI,GR,Arcul de Triumf,Pranz,12:00-14:00,2,1,4.5,0.141025641025641,0.5516896693427
GR999JKI,GR,Arcul de Triumf,Seara,15:30-19:00,22,1,4.5,0.5758082497212932,0.787094514720409
GR999JKI,GR,Piata Romana,Dimineata,06:30-09:30,11,1,4.5,0.3366778149386845,0.668741821102192
GR999JKI,GR,Piata Romana,Pranz,12:00-14:00,3,1,4.5,0.1627647714604236,0.5652507475670999
GR999JKI,GR,Piata Romana,Seara,15:30-19:00,20,1,4.5,0.532329988851728,0.7680797488721225
GR999JKI,GR,Piata Unirii,Dimineata,06:30-09:30,15,1,4.5,0.4236343366778149,0.7155512239631054
GR999JKI,GR,Piata Unirii,Pranz,12:00-14:00,3,1,4.5,0.1627647714604236,0.5652507475670999
GR999JKI,GR,Piata Unirii,Seara,15:30-19:00,18,1,4.5,0.4888517279821627,0.7479106630456372
GR999JKI,GR,Piata Universitatii,Dimineata,06:30-09:30,5,1,4.5,0.2062430323299888,0.5920629281648192
GR999JKI,GR,Piata Universitatii,Pranz,12:00-14:00,3,1,4.5,0.1627647714604236,0.5652507475670999
GR999JKI,GR,Piata Universitatii,Seara,15:30-19:00,25,1,4.5,0.641025641025641,0.8134370763546757
GL88DOR,GL,Arcul de Triumf,Dimineata,06:30-09:30,15,4,4.5,0.5236343366778149,0.7335091181602805
GL88DOR,GL,Arcul de Triumf,Pranz,12:00-14:00,2,4,4.5,0.241025641025641,0.5738312575916094
GL88DOR,GL,Arcul de Triumf,Seara,15:30-19:00,22,4,4.5,0.6758082497212932,0.8017868765950724
GL88DOR,GL,Piata Romana,Dimineata,06:30-09:30,11,4,4.5,0.4366778149386845,0.6883678768310287
GL88DOR,GL,Piata Romana,Pranz,12:00-14:00,3,4,4.5,0.2627647714604236,0.587223690839335
GL88DOR,GL,Piata Romana,Seara,15:30-19:00,20,4,4.5,0.632329988851728,0.7837237376544267
GL88DOR,GL,Piata Unirii,Dimineata,06:30-09:30,15,4,4.5,0.5236343366778149,0.7335091181602805
GL88DOR,GL,Piata Unirii,Pranz,12:00-14:00,3,4,4.5,0.2627647714604236,0.587223690839335
GL88DOR,GL,Piata Unirii,Seara,15:30-19:00,18,4,4.5,0.5888517279821628,0.7644979994081456
GL88DOR,GL,Piata Universitatii,Dimineata,06:30-09:30,5,4,4.5,0.3062430323299888,0.6136070778047783
GL88DOR,GL,Piata Universitatii,Pranz,12:00-14:00,3,4,4.5,0.2627647714604236,0.587223690839335
GL88DOR,GL,Piata Universitatii,Seara,15:30-19:00,25,4,4.5,0.7410256410256411,0.8267117940706734
GL656JUH,GL,Arcul de Triumf,Dimineata,06:30-09:30,15,5,4.5,0.5569676700111483,0.7393320946525015
GL656JUH,GL,Arcul de Triumf,Pranz,12:00-14:00,2,5,4.5,0.2743589743589744,0.5811509642893937
GL656JUH,GL,Arcul de Triumf,Seara,15:30-19:00,22,5,4.5,0.7091415830546266,0.8065114879171674
GL656JUH,GL,Piata Romana,Dimineata,06:30-09:30,11,5,4.5,0.4700111482720178,0.6947667628737805
GL656JUH,GL,Piata Romana,Pranz,12:00-14:00,3,5,4.5,0.296098104793757,0.5944759307482401
GL656JUH,GL,Piata Romana,Seara,15:30-19:00,20,5,4.5,0.6656633221850614,0.7887654709682405
GL656JUH,GL,Piata Unirii,Dimineata,06:30-09:30,15,5,4.5,0.5569676700111483,0.7393320946525015
GL656JUH,GL,Piata Unirii,Pranz,12:00-14:00,3,5,4.5,0.296098104793757,0.5944759307482401
GL656JUH,GL,Piata Unirii,Seara,15:30-19:00,18,5,4.5,0.622185061315496,0.769856303965535
GL656JUH,GL,Piata Universitatii,Dimineata,06:30-09:30,5,5,4.5,0.3395763656633221,0.6206951913643555
GL656JUH,GL,Piata Universitatii,Pranz,12:00-14:00,3,5,4.5,0.296098104793757,0.5944759307482401
GL656JUH,GL,Piata Universitatii,Seara,15:30-19:00,25,5,4.5,0.7743589743589743,0.8309675448831123
DJ01BCA,DJ,Arcul de Triumf,Dimineata,06:30-09:30,15,2,3.0,0.4108138238573021,0.7170752854929725
DJ01BCA,DJ,Arcul de Triumf,Pranz,12:00-14:00,2,2,3.0,0.1282051282051282,0.5535439031511183
DJ01BCA,DJ,Arcul de Triumf,Seara,15:30-19:00,22,2,3.0,0.5629877369007804,0.788348634008099
DJ01BCA,DJ,Piata Romana,Dimineata,06:30-09:30,11,2,3.0,0.3238573021181717,0.6704011598088686
DJ01BCA,DJ,Piata Romana,Pranz,12:00-14:00,3,2,3.0,0.1499442586399108,0.5670929049654543
DJ01BCA,DJ,Piata Romana,Seara,15:30-19:00,20,2,3.0,0.5195094760312151,0.7694130612287485
DJ01BCA,DJ,Piata Unirii,Dimineata,06:30-09:30,15,2,3.0,0.4108138238573021,0.7170752854929725
DJ01BCA,DJ,Piata Unirii,Pranz,12:00-14:00,3,2,3.0,0.1499442586399108,0.5670929049654543
DJ01BCA,DJ,Piata Unirii,Seara,15:30-19:00,18,2,3.0,0.4760312151616499,0.7493220844051797
DJ01BCA,DJ,Piata Universitatii,Dimineata,06:30-09:30,5,2,3.0,0.193422519509476,0.5938731029341427
DJ01BCA,DJ,Piata Universitatii,Pranz,12:00-14:00,3,2,3.0,0.1499442586399108,0.5670929049654543
DJ01BCA,DJ,Piata Universitatii,Seara,15:30-19:00,25,2,3.0,0.6282051282051282,0.8145725807070178
DJ09AND,DJ,Arcul de Triumf,Dimineata,06:30-09:30,15,4,3.0,0.4774804905239688,0.7290879223493065
DJ09AND,DJ,Arcul de Triumf,Pranz,12:00-14:00,2,4,3.0,0.1948717948717948,0.5683199834782481
DJ09AND,DJ,Arcul de Triumf,Seara,15:30-19:00,22,4,3.0,0.6296544035674471,0.7981867777396212
DJ09AND,DJ,Piata Romana,Dimineata,06:30-09:30,11,4,3.0,0.3905239687848383,0.6835208937363157
DJ09AND,DJ,Piata Romana,Pranz,12:00-14:00,3,4,3.0,0.2166109253065775,0.5817593768418363
DJ09AND,DJ,Piata Romana,Seara,15:30-19:00,20,4,3.0,0.5861761426978819,0.7798856290007258
DJ09AND,DJ,Piata Unirii,Dimineata,06:30-09:30,15,4,3.0,0.4774804905239688,0.7290879223493065
DJ09AND,DJ,Piata Unirii,Pranz,12:00-14:00,3,4,3.0,0.2166109253065775,0.5817593768418363
DJ09AND,DJ,Piata Unirii,Seara,15:30-19:00,18,4,3.0,0.5426978818283166,0.7604230019887309
DJ09AND,DJ,Piata Universitatii,Dimineata,06:30-09:30,5,4,3.0,0.2600891861761427,0.6082590307465144
DJ09AND,DJ,Piata Universitatii,Pranz,12:00-14:00,3,4,3.0,0.2166109253065775,0.5817593768418363
DJ09AND,DJ,Piata Universitatii,Seara,15:30-19:00,25,4,3.0,0.6948717948717948,0.8234647252208833
DB87NKJ,DB,Arcul de Triumf,Dimineata,06:30-09:30,15,4,3.0,0.4774804905239688,0.7290879223493065
DB87NKJ,DB,Arcul de Triumf,Pranz,12:00-14:00,2,4,3.0,0.1948717948717948,0.5683199834782481
DB87NKJ,DB,Arcul de Triumf,Seara,15:30-19:00,22,4,3.0,0.6296544035674471,0.7981867777396212
DB87NKJ,DB,Piata Romana,Dimineata,06:30-09:30,11,4,3.0,0.3905239687848383,0.6835208937363157
DB87NKJ,DB,Piata Romana,Pranz,12:00-14:00,3,4,3.0,0.2166109253065775,0.5817593768418363
DB87NKJ,DB,Piata Romana,Seara,15:30-19:00,20,4,3.0,0.5861761426978819,0.7798856290007258
DB87NKJ,DB,Piata Unirii,Dimineata,06:30-09:30,15,4,3.0,0.4774804905239688,0.7290879223493065
DB87NKJ,DB,Piata Unirii,Pranz,12:00-14:00,3,4,3.0,0.2166109253065775,0.5817593768418363
DB87NKJ,DB,Piata Unirii,Seara,15:30-19:00,18,4,3.0,0.5426978818283166,0.7604230019887309
DB87NKJ,DB,Piata Universitatii,Dimineata,06:30-09:30,5,4,3.0,0.2600891861761427,0.6082590307465144
DB87NKJ,DB,Piata Universitatii,Pranz,12:00-14:00,3,4,3.0,0.2166109253065775,0.5817593768418363
DB87NKJ,DB,Piata Universitatii,Seara,15:30-19:00,25,4,3.0,0.6948717948717948,0.8234647252208833
DB66RRS,DB,Arcul de Triumf,Dimineata,06:30-09:30,15,2,3.0,0.4108138238573021,0.7170752854929725
DB66RRS,DB,Arcul de Triumf,Pranz,12:00-14:00,2,2,3.0,0.1282051282051282,0.5535439031511183
DB66RRS,DB,Arcul de Triumf,Seara,15:30-19:00,22,2,3.0,0.5629877369007804,0.788348634008099
DB66RRS,DB,Piata Romana,Dimineata,06:30-09:30,11,2,3.0,0.3238573021181717,0.6704011598088686
DB66RRS,DB,Piata Romana,Pranz,12:00-14:00,3,2,3.0,0.1499442586399108,0.5670929049654543
DB66RRS,DB,Piata Romana,Seara,15:30-19:00,20,2,3.0,0.5195094760312151,0.7694130612287485
DB66RRS,DB,Piata Unirii,Dimineata,06:30-09:30,15,2,3.0,0.4108138238573021,0.7170752854929725
DB66RRS,DB,Piata Unirii,Pranz,12:00-14:00,3,2,3.0,0.1499442586399108,0.5670929049654543
DB66RRS,DB,Piata Unirii,Seara,15:30-19:00,18,2,3.0,0.4760312151616499,0.7493220844051797
DB66RRS,DB,Piata Universitatii,Dimineata,06:30-09:30,5,2,3.0,0.193422519509476,0.5938731029341427
DB66RRS,DB,Piata Universitatii,Pranz,12:00-14:00,3,2,3.0,0.1499442586399108,0.5670929049654543
DB66RRS,DB,Piata Universitatii,Seara,15:30-19:00,25,2,3.0,0.6282051282051282,0.8145725807070178
CV56UNG,CV,Arcul de Triumf,Dimineata,06:30-09:30,15,4,2.5,0.4620958751393534,0.7276039892428418
CV56UNG,CV,Arcul de Triumf,Pranz,12:00-14:00,2,4,2.5,0.1794871794871795,0.5664790559676278
CV56UNG,CV,Arcul de Triumf,Seara,15:30-19:00,22,4,2.5,0.6142697881828316,0.7969759406564939
CV56UNG,CV,Piata Romana,Dimineata,06:30-09:30,11,4,2.5,0.375139353400223,0.6818962645895935
CV56UNG,CV,Piata Romana,Pranz,12:00-14:00,3,4,2.5,0.2012263099219621,0.5799334001885058
CV56UNG,CV,Piata Romana,Seara,15:30-19:00,20,4,2.5,0.5707915273132664,0.7785954465118283
CV56UNG,CV,Piata Unirii,Dimineata,06:30-09:30,15,4,2.5,0.4620958751393534,0.7276039892428418
CV56UNG,CV,Piata Unirii,Pranz,12:00-14:00,3,4,2.5,0.2012263099219621,0.5799334001885058
CV56UNG,CV,Piata Unirii,Seara,15:30-19:00,18,4,2.5,0.5273132664437012,0.7590539855304069
CV56UNG,CV,Piata Universitatii,Dimineata,06:30-09:30,5,4,2.5,0.2447045707915273,0.6064704870683034
CV56UNG,CV,Piata Universitatii,Pranz,12:00-14:00,3,4,2.5,0.2012263099219621,0.5799334001885058
CV56UNG,CV,Piata Universitatii,Seara,15:30-19:00,25,4,2.5,0.6794871794871795,0.8223717996358786
CV89HUN,CV,Arcul de Triumf,Dimineata,06:30-09:30,15,1,2.5,0.3620958751393534,0.7094058152553435
CV89HUN,CV,Arcul de Triumf,Pranz,12:00-14:00,2,1,2.5,0.0794871794871794,0.5442588584178731
CV89HUN,CV,Arcul de Triumf,Seara,15:30-19:00,22,1,2.5,0.5142697881828316,0.782023920628231
CV89HUN,CV,Piata Romana,Dimineata,06:30-09:30,11,1,2.5,0.275139353400223,0.6620627248063989
CV89HUN,CV,Piata Romana,Pranz,12:00-14:00,3,1,2.5,0.1012263099219621,0.5578645727207344
CV89HUN,CV,Piata Romana,Seara,15:30-19:00,20,1,2.5,0.4707915273132664,0.7626928317357139
CV89HUN,CV,Piata Unirii,Dimineata,06:30-09:30,15,1,2.5,0.3620958751393534,0.7094058152553435
CV89HUN,CV,Piata Unirii,Pranz,12:00-14:00,3,1,2.5,0.1012263099219621,0.5578645727207344
CV89HUN,CV,Piata Unirii,Seara,15:30-19:00,18,1,2.5,0.4273132664437012,0.7422125022622994
CV89HUN,CV,Piata Universitatii,Dimineata,06:30-09:30,5,1,2.5,0.1447045707915273,0.584797674717737
CV89HUN,CV,Piata Universitatii,Pranz,12:00-14:00,3,1,2.5,0.1012263099219621,0.5578645727207344
CV89HUN,CV,Piata Universitatii,Seara,15:30-19:00,25,1,2.5,0.5794871794871794,0.8088414922499487
CT12HAL,CT,Arcul de Triumf,Dimineata,06:30-09:30,15,1,2.667,0.3672343366778149,0.7099219479994127
CT12HAL,CT,Arcul de Triumf,Pranz,12:00-14:00,2,1,2.667,0.084625641025641,0.5448801323027269
CT12HAL,CT,Arcul de Triumf,Seara,15:30-19:00,22,1,2.667,0.5194082497212932,0.7824506275325296
CT12HAL,CT,Piata Romana,Dimineata,06:30-09:30,11,1,2.667,0.2802778149386845,0.662622954939864
CT12HAL,CT,Piata Romana,Pranz,12:00-14:00,3,1,2.667,0.1063647714604236,0.5584823453375983
CT12HAL,CT,Piata Romana,Seara,15:30-19:00,20,1,2.667,0.475929988851728,0.7631459194991698
CT12HAL,CT,Piata Unirii,Dimineata,06:30-09:30,15,1,2.667,0.3672343366778149,0.7099219479994127
CT12HAL,CT,Piata Unirii,Pranz,12:00-14:00,3,1,2.667,0.1063647714604236,0.5584823453375983
CT12HAL,CT,Piata Unirii,Seara,15:30-19:00,18,1,2.667,0.4324517279821627,0.7426915008080224
CT12HAL,CT,Piata Universitatii,Dimineata,06:30-09:30,5,1,2.667,0.1498430323299888,0.5854057826592448
CT12HAL,CT,Piata Universitatii,Pranz,12:00-14:00,3,1,2.667,0.1063647714604236,0.5584823453375983
CT12HAL,CT,Piata Universitatii,Seara,15:30-19:00,25,1,2.667,0.584625641025641,0.8092285080499206
